series_animedb_id,series_title,series_type,series_episodes,my_id,my_watched_episodes,my_start_date,my_finish_date,my_rated,my_score,my_storage,my_storage_value,my_status,my_comments,my_times_watched,my_rewatch_value,my_priority,my_tags,my_rewatching,my_rewatching_ep,my_discuss,my_sns,update_on_import
41380,100-man no Inochi no Ue ni Ore wa Tatteiru,TV,12,0,12,0000-00-00,0000-00-00,,6,,0.00,Completed,,0,,LOW,,0,0,1,default,0
44881,100-man no Inochi no Ue ni Ore wa Tatteiru 2nd Season,TV,12,0,9,0000-00-00,0000-00-00,,8,,0.00,Watching,,0,,LOW,,0,0,1,default,0
41457,86,TV,11,0,10,0000-00-00,2021-06-22,,7,,0.00,Completed,,0,,LOW,,0,0,1,default,0
25397,Absolute Duo,TV,12,0,0,0000-00-00,0000-00-00,,0,,0.00,Plan to Watch,,0,,LOW,,0,0,1,default,0
11759,Accel World,TV,24,0,24,0000-00-00,0000-00-00,,9,,0.00,Completed,,0,,LOW,,0,0,1,default,0
13939,Accel World EX,OVA,2,0,0,0000-00-00,0000-00-00,,0,,0.00,Plan to Watch,,0,,LOW,,0,0,1,default,0
31763,Accel World: Infinite∞Burst,Movie,1,0,0,0000-00-00,0000-00-00,,0,,0.00,Plan to Watch,,0,,LOW,,0,0,1,default,0
34881,Aho Girl,TV,12,0,0,0000-00-00,0000-00-00,,0,,0.00,Plan to Watch,,0,,LOW,,0,0,1,default,0
32323,Aishen Qiaokeli-ing...,ONA,15,0,0,0000-00-00,0000-00-00,,0,,0.00,Plan to Watch,,0,,LOW,,0,0,1,default,0
30123,Akagami no Shirayuki-hime,TV,12,0,12,0000-00-00,0000-00-00,,9,,0.00,Completed,,0,,LOW,,0,0,1,default,0
31173,Akagami no Shirayuki-hime 2nd Season,TV,12,0,12,0000-00-00,2016-06-01,,7,,0.00,Completed,,0,,LOW,,0,0,1,default,0
22199,Akame ga Kill!,TV,24,0,24,0000-00-00,0000-00-00,,9,,0.00,Completed,,0,,LOW,,0,0,1,default,0
25013,Akatsuki no Yona,TV,24,0,24,0000-00-00,0000-00-00,,9,,0.00,Completed,,0,,LOW,,0,0,1,default,0
30370,Akatsuki no Yona OVA,OVA,3,0,0,0000-00-00,0000-00-00,,0,,0.00,Dropped,,0,,LOW,,0,0,1,default,0
34051,Akiba's Trip The Animation,TV,13,0,1,0000-00-00,0000-00-00,,0,,0.00,Dropped,,0,,LOW,,0,0,1,default,0
22729,Aldnoah.Zero,TV,12,0,12,0000-00-00,0000-00-00,,8,,0.00,Completed,,0,,LOW,,0,0,1,default,0
27655,Aldnoah.Zero 2nd Season,TV,12,0,12,0000-00-00,0000-00-00,,6,,0.00,Completed,,0,,LOW,,0,0,1,default,0
6547,Angel Beats!,TV,13,0,13,0000-00-00,0000-00-00,,9,,0.00,Completed,,0,,LOW,,0,0,1,default,0
9989,Ano Hi Mita Hana no Namae wo Bokutachi wa Mada Shiranai.,TV,11,0,11,0000-00-00,0000-00-00,,9,,0.00,Completed,,0,,LOW,,0,0,1,default,0
11111,Another,TV,12,0,12,0000-00-00,0000-00-00,,9,,0.00,Completed,,0,,LOW,,0,0,1,default,0
24833,Ansatsu Kyoushitsu,TV,22,0,22,0000-00-00,0000-00-00,,9,,0.00,Completed,,0,,LOW,,0,0,1,default,0
30654,Ansatsu Kyoushitsu 2nd Season,TV,25,0,25,0000-00-00,0000-00-00,,8,,0.00,Completed,,0,,LOW,,0,0,1,default,0
33513,Ansatsu Kyoushitsu: 365-nichi no Jikan,Movie,1,0,0,0000-00-00,0000-00-00,,0,,0.00,Plan to Watch,,0,,LOW,,0,0,1,default,0
9919,Ao no Exorcist,TV,25,0,25,0000-00-00,0000-00-00,,8,,0.00,Completed,,0,,LOW,,0,0,1,default,0
11737,Ao no Exorcist Movie,Movie,1,0,0,0000-00-00,0000-00-00,,0,,0.00,Plan to Watch,,0,,LOW,,0,0,1,default,0
33506,Ao no Exorcist: Kyoto Fujouou-hen,TV,12,0,0,0000-00-00,0000-00-00,,0,,0.00,Plan to Watch,,0,,LOW,,0,0,1,default,0
30205,Aoharu x Kikanjuu,TV,12,0,0,0000-00-00,0000-00-00,,0,,0.00,Plan to Watch,,0,,LOW,,0,0,1,default,0
7193,Aoi Bungaku Series,TV,12,0,0,0000-00-00,0000-00-00,,0,,0.00,Plan to Watch,,0,,LOW,,0,0,1,default,0
18893,Aoki Hagane no Arpeggio: Ars Nova,TV,12,0,0,0000-00-00,0000-00-00,,0,,0.00,Plan to Watch,,0,,LOW,,0,0,1,default,0
12967,Arcana Famiglia,TV,12,0,0,0000-00-00,0000-00-00,,0,,0.00,Plan to Watch,,0,,LOW,,0,0,1,default,0
36882,Arifureta Shokugyou de Sekai Saikyou,TV,13,0,13,0000-00-00,0000-00-00,,10,,0.00,Completed,,0,,LOW,,0,0,1,default,0
40507,Arifureta Shokugyou de Sekai Saikyou 2nd Season,TV,0,0,0,0000-00-00,0000-00-00,,0,,0.00,Plan to Watch,,0,,LOW,,0,0,1,default,0
31821,Arslan Senki (TV): Fuujin Ranbu,TV,8,0,0,0000-00-00,0000-00-00,,0,,0.00,Plan to Watch,,0,,LOW,,0,0,1,default,0
38572,Assassins Pride,TV,12,0,0,0000-00-00,0000-00-00,,0,,0.00,Plan to Watch,,0,,LOW,,0,0,1,default,0
38328,Azur Lane,TV,12,0,0,0000-00-00,0000-00-00,,0,,0.00,Plan to Watch,,0,,LOW,,0,0,1,default,0
32827,B: The Beginning,ONA,12,0,12,0000-00-00,0000-00-00,,9,,0.00,Completed,,0,,LOW,,0,0,1,default,0
37994,B: The Beginning Succession,ONA,6,0,0,0000-00-00,0000-00-00,,0,,0.00,Plan to Watch,,0,,LOW,,0,0,1,default,0
28805,Bakemono no Ko,Movie,1,0,0,0000-00-00,0000-00-00,,0,,0.00,Plan to Watch,,0,,LOW,,0,0,1,default,0
5081,Bakemonogatari,TV,15,0,15,0000-00-00,0000-00-00,,8,,0.00,Completed,,0,,LOW,,0,0,1,default,0
67,Basilisk: Kouga Ninpou Chou,TV,24,0,0,0000-00-00,0000-00-00,,0,,0.00,Plan to Watch,,0,,LOW,,0,0,1,default,0
5675,Basquash!,TV,26,0,0,0000-00-00,0000-00-00,,0,,0.00,Plan to Watch,,0,,LOW,,0,0,1,default,0
579,Battle Programmer Shirase,TV,15,0,0,0000-00-00,0000-00-00,,0,,0.00,Plan to Watch,,0,,LOW,,0,0,1,default,0
36516,Beatless,TV,20,0,0,0000-00-00,0000-00-00,,0,,0.00,Plan to Watch,,0,,LOW,,0,0,1,default,0
10396,Ben-To,TV,12,0,0,0000-00-00,0000-00-00,,0,,0.00,Plan to Watch,,0,,LOW,,0,0,1,default,0
13535,Binbougami ga!,TV,13,0,0,0000-00-00,0000-00-00,,0,,0.00,Plan to Watch,,0,,LOW,,0,0,1,default,0
20787,Black Bullet,TV,13,0,0,0000-00-00,0000-00-00,,0,,0.00,Plan to Watch,,0,,LOW,,0,0,1,default,0
34572,Black Clover,TV,170,0,170,0000-00-00,2021-04-05,,9,,0.00,Completed,,0,,LOW,,0,0,1,default,0
18767,BlazBlue: Alter Memory,TV,12,0,0,0000-00-00,0000-00-00,,0,,0.00,Plan to Watch,,0,,LOW,,0,0,1,default,0
269,Bleach,TV,366,0,0,0000-00-00,0000-00-00,,0,,0.00,Plan to Watch,,0,,LOW,,0,0,1,default,0
11633,Blood Lad,TV,10,0,0,0000-00-00,0000-00-00,,0,,0.00,Plan to Watch,,0,,LOW,,0,0,1,default,0
150,Blood+,TV,50,0,0,0000-00-00,0000-00-00,,0,,0.00,Plan to Watch,,0,,LOW,,0,0,1,default,0
10490,Blood-C,TV,12,0,12,0000-00-00,0000-00-00,,8,,0.00,Completed,,0,,LOW,,0,0,1,default,0
14117,Blood-C: Special Edition,Special,2,0,0,0000-00-00,0000-00-00,,0,,0.00,Plan to Watch,,0,,LOW,,0,0,1,default,0
10681,Blood-C: The Last Dark,Movie,1,0,1,0000-00-00,0000-00-00,,7,,0.00,Completed,,0,,LOW,,0,0,1,default,0
31043,Boku dake ga Inai Machi,TV,12,0,12,0000-00-00,0000-00-00,,10,,0.00,Completed,,0,,LOW,,0,0,1,default,0
31964,Boku no Hero Academia,TV,13,0,13,0000-00-00,0000-00-00,,8,,0.00,Completed,,0,,LOW,,0,0,1,default,0
33486,Boku no Hero Academia 2nd Season,TV,25,0,25,2017-06-14,2017-10-02,,9,,0.00,Completed,,0,,LOW,,0,0,1,default,0
36456,Boku no Hero Academia 3rd Season,TV,25,0,25,0000-00-00,0000-00-00,,8,,0.00,Completed,,0,,LOW,,0,0,1,default,0
38408,Boku no Hero Academia 4th Season,TV,25,0,25,0000-00-00,2020-04-26,,9,,0.00,Completed,,0,,LOW,,0,0,1,default,0
41587,Boku no Hero Academia 5th Season,TV,25,0,24,0000-00-00,2021-09-26,,8,,0.00,Completed,,0,,LOW,,0,0,1,default,0
49918,Boku no Hero Academia 6th Season,TV,0,0,0,0000-00-00,0000-00-00,,0,,0.00,Plan to Watch,,0,,LOW,,0,0,1,default,0
36896,Boku no Hero Academia the Movie 1: Futari no Hero,Movie,1,0,1,0000-00-00,0000-00-00,,8,,0.00,Completed,,0,,LOW,,0,0,1,default,0
10719,Boku wa Tomodachi ga Sukunai,TV,12,0,0,0000-00-00,0000-00-00,,0,,0.00,Plan to Watch,,0,,LOW,,0,0,1,default,0
21405,Bokura wa Minna Kawai-sou,TV,12,0,0,0000-00-00,0000-00-00,,0,,0.00,Plan to Watch,,0,,LOW,,0,0,1,default,0
22433,Break Blade,TV,12,0,0,0000-00-00,0000-00-00,,0,,0.00,Plan to Watch,,0,,LOW,,0,0,1,default,0
14345,Btooom!,TV,12,0,12,0000-00-00,0000-00-00,,8,,0.00,Completed,,0,,LOW,,0,0,1,default,0
33475,Busou Shoujo Machiavellianism,TV,12,0,0,0000-00-00,0000-00-00,,0,,0.00,Plan to Watch,,0,,LOW,,0,0,1,default,0
1689,Byousoku 5 Centimeter,Movie,3,0,3,0000-00-00,0000-00-00,,8,,0.00,Completed,,0,,LOW,,0,0,1,default,0
4981,Casshern Sins,TV,24,0,0,0000-00-00,0000-00-00,,0,,0.00,Plan to Watch,,0,,LOW,,0,0,1,default,0
28833,Chain Chronicle: Haecceitas no Hikari,TV,12,0,0,0000-00-00,0000-00-00,,0,,0.00,Plan to Watch,,0,,LOW,,0,0,1,default,0
30091,Chaos Dragon: Sekiryuu Seneki,TV,12,0,0,0000-00-00,0000-00-00,,0,,0.00,Plan to Watch,,0,,LOW,,0,0,1,default,0
28999,Charlotte,TV,13,0,13,0000-00-00,0000-00-00,,8,,0.00,Completed,,0,,LOW,,0,0,1,default,0
14741,Chuunibyou demo Koi ga Shitai!,TV,12,0,12,0000-00-00,0000-00-00,,8,,0.00,Completed,,0,,LOW,,0,0,1,default,0
18671,Chuunibyou demo Koi ga Shitai! Ren,TV,12,0,12,0000-00-00,0000-00-00,,8,,0.00,Completed,,0,,LOW,,0,0,1,default,0
2167,Clannad,TV,23,0,0,0000-00-00,0000-00-00,,0,,0.00,Plan to Watch,,0,,LOW,,0,0,1,default,0
4181,Clannad: After Story,TV,24,0,0,2016-08-20,0000-00-00,,0,,0.00,Plan to Watch,,0,,LOW,,0,0,1,default,0
1818,Claymore,TV,26,0,0,0000-00-00,0000-00-00,,0,,0.00,Plan to Watch,,0,,LOW,,0,0,1,default,0
32407,Clockwork Planet,TV,12,0,0,0000-00-00,0000-00-00,,0,,0.00,Plan to Watch,,0,,LOW,,0,0,1,default,0
8888,Code Geass: Boukoku no Akito 1 - Yokuryuu wa Maiorita,Movie,1,0,0,0000-00-00,0000-00-00,,0,,0.00,Plan to Watch,,0,,LOW,,0,0,1,default,0
15197,Code Geass: Boukoku no Akito 2 - Hikisakareshi Yokuryuu,Movie,1,0,0,0000-00-00,0000-00-00,,0,,0.00,Plan to Watch,,0,,LOW,,0,0,1,default,0
15199,Code Geass: Boukoku no Akito 3 - Kagayaku Mono Ten yori Otsu,Movie,1,0,0,0000-00-00,0000-00-00,,0,,0.00,Plan to Watch,,0,,LOW,,0,0,1,default,0
15201,Code Geass: Boukoku no Akito 4 - Nikushimi no Kioku kara,Movie,1,0,0,0000-00-00,0000-00-00,,0,,0.00,Plan to Watch,,0,,LOW,,0,0,1,default,0
30711,Code Geass: Boukoku no Akito 5 - Itoshiki Mono-tachi e,Movie,1,0,0,0000-00-00,0000-00-00,,0,,0.00,Plan to Watch,,0,,LOW,,0,0,1,default,0
34437,Code Geass: Fukkatsu no Lelouch,Movie,1,0,0,0000-00-00,0000-00-00,,0,,0.00,Plan to Watch,,0,,LOW,,0,0,1,default,0
1575,Code Geass: Hangyaku no Lelouch,TV,25,0,25,0000-00-00,0000-00-00,,10,,0.00,Completed,,0,,LOW,,0,0,1,default,0
12685,Code Geass: Hangyaku no Lelouch - Nunnally in Wonderland,OVA,1,0,0,0000-00-00,0000-00-00,,0,,0.00,Plan to Watch,,0,,LOW,,0,0,1,default,0
2904,Code Geass: Hangyaku no Lelouch R2,TV,25,0,25,0000-00-00,0000-00-00,,10,,0.00,Completed,,0,,LOW,,0,0,1,default,0
6768,Code Geass: Hangyaku no Lelouch R2 Special Edition - Zero Requiem,OVA,1,0,0,0000-00-00,0000-00-00,,0,,0.00,Plan to Watch,,0,,LOW,,0,0,1,default,0
4596,Code Geass: Hangyaku no Lelouch Special Edition - Black Rebellion,OVA,1,0,0,0000-00-00,0000-00-00,,0,,0.00,Plan to Watch,,0,,LOW,,0,0,1,default,0
11703,Code:Breaker,TV,13,0,0,0000-00-00,0000-00-00,,0,,0.00,Plan to Watch,,0,,LOW,,0,0,1,default,0
31318,Comet Lucifer,TV,12,0,12,0000-00-00,0000-00-00,,8,,0.00,Completed,,0,,LOW,,0,0,1,default,0
15037,Corpse Party: Tortured Souls - Bougyakusareta Tamashii no Jukyou,OVA,4,0,1,0000-00-00,0000-00-00,,0,,0.00,Dropped,,0,,LOW,,0,0,1,default,0
25731,Cross Ange: Tenshi to Ryuu no Rondo,TV,25,0,25,0000-00-00,0000-00-00,,10,,0.00,Completed,,0,,LOW,,0,0,1,default,0
1482,D.Gray-man,TV,103,0,1,0000-00-00,0000-00-00,,0,,0.00,Dropped,,0,,LOW,,0,0,1,default,0
12549,"Dakara Boku wa, H ga Dekinai.",TV,12,0,0,0000-00-00,0000-00-00,,0,,0.00,Plan to Watch,,0,,LOW,,0,0,1,default,0
32189,Danganronpa 3: The End of Kibougamine Gakuen - Mirai-hen,TV,12,0,12,0000-00-00,2016-10-02,,8,,0.00,Completed,,0,,LOW,,0,0,1,default,0
33028,Danganronpa 3: The End of Kibougamine Gakuen - Zetsubou-hen,TV,11,0,11,0000-00-00,0000-00-00,,8,,0.00,Completed,,0,,LOW,,0,0,1,default,0
16592,Danganronpa: Kibou no Gakuen to Zetsubou no Koukousei The Animation,TV,13,0,13,0000-00-00,0000-00-00,,10,,0.00,Completed,,0,,LOW,,0,0,1,default,0
2025,Darker than Black: Kuro no Keiyakusha,TV,25,0,25,0000-00-00,0000-00-00,,8,,0.00,Completed,,0,,LOW,,0,0,1,default,0
35849,Darling in the FranXX,TV,24,0,24,0000-00-00,0000-00-00,,10,,0.00,Completed,,0,,LOW,,0,0,1,default,0
6880,Deadman Wonderland,TV,12,0,12,0000-00-00,0000-00-00,,7,,0.00,Completed,,0,,LOW,,0,0,1,default,0
34497,Death March kara Hajimaru Isekai Kyousoukyoku,TV,12,0,6,0000-00-00,0000-00-00,,0,,0.00,On-Hold,,0,,LOW,,0,0,1,default,0
1535,Death Note,TV,37,0,16,0000-00-00,0000-00-00,,8,,0.00,Dropped,,0,,LOW,,0,0,1,default,0
28223,Death Parade,TV,12,0,12,0000-00-00,0000-00-00,,7,,0.00,Completed,,0,,LOW,,0,0,1,default,0
40056,Deca-Dence,TV,12,0,12,0000-00-00,2020-09-23,,7,,0.00,Completed,,0,,LOW,,0,0,1,default,0
9379,Denpa Onna to Seishun Otoko,TV,12,0,0,0000-00-00,0000-00-00,,0,,0.00,Plan to Watch,,0,,LOW,,0,0,1,default,0
8086,Densetsu no Yuusha no Densetsu,TV,24,0,24,0000-00-00,0000-00-00,,9,,0.00,Completed,,0,,LOW,,0,0,1,default,0
1726,Devil May Cry,TV,12,0,0,0000-00-00,0000-00-00,,0,,0.00,Plan to Watch,,0,,LOW,,0,0,1,default,0
31163,Dimension W,TV,12,0,0,0000-00-00,0000-00-00,,0,,0.00,Plan to Watch,,0,,LOW,,0,0,1,default,0
31710,Divine Gate,TV,12,0,4,0000-00-00,0000-00-00,,0,,0.00,Dropped,,0,,LOW,,0,0,1,default,0
37982,Domestic na Kanojo,TV,12,0,0,0000-00-00,0000-00-00,,0,,0.00,Plan to Watch,,0,,LOW,,0,0,1,default,0
37520,Dororo,TV,24,0,12,0000-00-00,0000-00-00,,0,,0.00,On-Hold,,0,,LOW,,0,0,1,default,0
38691,Dr. Stone,TV,24,0,24,2020-11-27,2020-11-28,,10,,0.00,Completed,,0,,LOW,,0,0,1,default,0
40852,Dr. Stone: Stone Wars,TV,11,0,11,0000-00-00,2021-03-25,,9,,0.00,Completed,,0,,LOW,,0,0,1,default,0
31339,Drifters,TV,12,0,12,0000-00-00,0000-00-00,,9,,0.00,Completed,,0,,LOW,,0,0,1,default,0
36480,Drifters (OVA),OVA,2,0,0,0000-00-00,0000-00-00,,0,,0.00,Plan to Watch,,0,,LOW,,0,0,1,default,0
1685,Duel Masters,TV,26,0,26,0000-00-00,0000-00-00,,8,,0.00,Completed,,0,,LOW,,0,0,1,default,0
28121,Dungeon ni Deai wo Motomeru no wa Machigatteiru Darou ka,TV,13,0,13,0000-00-00,0000-00-00,,10,,0.00,Completed,,0,,LOW,,0,0,1,default,0
32887,Dungeon ni Deai wo Motomeru no wa Machigatteiru Darou ka Gaiden: Sword Oratoria,TV,12,0,12,0000-00-00,2017-07-01,,7,,0.00,Completed,,0,,LOW,,0,0,1,default,0
37347,Dungeon ni Deai wo Motomeru no wa Machigatteiru Darou ka II,TV,12,0,12,0000-00-00,2019-09-29,,8,,0.00,Completed,,0,,LOW,,0,0,1,default,0
40453,Dungeon ni Deai wo Motomeru no wa Machigatteiru Darou ka II OVA,OVA,1,0,1,0000-00-00,0000-00-00,,0,,0.00,Completed,,0,,LOW,,0,0,1,default,0
40454,Dungeon ni Deai wo Motomeru no wa Machigatteiru Darou ka III,TV,12,0,12,0000-00-00,2020-12-18,,8,,0.00,Completed,,0,,LOW,,0,0,1,default,0
37348,Dungeon ni Deai wo Motomeru no wa Machigatteiru Darou ka Movie: Orion no Ya,Movie,1,0,1,0000-00-00,0000-00-00,,9,,0.00,Completed,,0,,LOW,,0,0,1,default,0
32801,Dungeon ni Deai wo Motomeru no wa Machigatteiru Darou ka OVA,OVA,1,0,0,0000-00-00,0000-00-00,,0,,0.00,Plan to Watch,,0,,LOW,,0,0,1,default,0
6746,Durarara!!,TV,24,0,24,0000-00-00,0000-00-00,,6,,0.00,Completed,,0,,LOW,,0,0,1,default,0
27833,Durarara!!x2 Ketsu,TV,12,0,0,0000-00-00,0000-00-00,,0,,0.00,Plan to Watch,,0,,LOW,,0,0,1,default,0
23199,Durarara!!x2 Shou,TV,12,0,0,0000-00-00,0000-00-00,,0,,0.00,Plan to Watch,,0,,LOW,,0,0,1,default,0
27831,Durarara!!x2 Ten,TV,12,0,0,0000-00-00,0000-00-00,,0,,0.00,Plan to Watch,,0,,LOW,,0,0,1,default,0
42192,Edens Zero,TV,25,0,24,0000-00-00,0000-00-00,,0,,0.00,Watching,,0,,LOW,,0,0,1,default,0
226,Elfen Lied,TV,13,0,0,0000-00-00,0000-00-00,,0,,0.00,Plan to Watch,,0,,LOW,,0,0,1,default,0
38671,Enen no Shouboutai,TV,24,0,24,0000-00-00,2020-06-17,,8,,0.00,Completed,,0,,LOW,,0,0,1,default,0
40956,Enen no Shouboutai: Ni no Shou,TV,24,0,0,0000-00-00,0000-00-00,,0,,0.00,Plan to Watch,,0,,LOW,,0,0,1,default,0
790,Ergo Proxy,TV,23,0,1,0000-00-00,0000-00-00,,0,,0.00,Dropped,,0,,LOW,,0,0,1,default,0
3784,Evangelion: 2.0 You Can (Not) Advance,Movie,1,0,0,0000-00-00,0000-00-00,,0,,0.00,Plan to Watch,,0,,LOW,,0,0,1,default,0
3786,Evangelion: 3.0+1.0 Thrice Upon a Time,Movie,1,0,0,0000-00-00,0000-00-00,,0,,0.00,Plan to Watch,,0,,LOW,,0,0,1,default,0
39063,Fairy Gone,TV,12,0,0,0000-00-00,0000-00-00,,0,,0.00,Plan to Watch,,0,,LOW,,0,0,1,default,0
6702,Fairy Tail,TV,175,0,175,0000-00-00,0000-00-00,,9,,0.00,Completed,,0,,LOW,,0,0,1,default,0
22043,Fairy Tail (2014),TV,102,0,102,0000-00-00,0000-00-00,,9,,0.00,Completed,,0,,LOW,,0,0,1,default,0
12049,Fairy Tail Movie 1: Houou no Miko,Movie,1,0,1,0000-00-00,0000-00-00,,0,,0.00,Completed,,0,,LOW,,0,0,1,default,0
17535,Fairy Tail Movie 1: Houou no Miko - Hajimari no Asa,Special,1,0,1,0000-00-00,0000-00-00,,8,,0.00,Completed,,0,,LOW,,0,0,1,default,0
30778,Fairy Tail Movie 2: Dragon Cry,Movie,1,0,0,0000-00-00,0000-00-00,,0,,0.00,Plan to Watch,,0,,LOW,,0,0,1,default,0
49785,Fairy Tail: 100 Years Quest,TV,0,0,0,0000-00-00,0000-00-00,,0,,0.00,Plan to Watch,,0,,LOW,,0,0,1,default,0
35972,Fairy Tail: Final Series,TV,51,0,51,0000-00-00,2019-09-30,,9,,0.00,Completed,,0,,LOW,,0,0,1,default,0
34662,Fate/Apocrypha,TV,25,0,17,0000-00-00,0000-00-00,,0,,0.00,On-Hold,,0,,LOW,,0,0,1,default,0
34321,Fate/Grand Order: First Order,Special,1,0,0,0000-00-00,0000-00-00,,0,,0.00,Plan to Watch,,0,,LOW,,0,0,1,default,0
38084,Fate/Grand Order: Zettai Majuu Sensen Babylonia,TV,21,0,0,0000-00-00,0000-00-00,,0,,0.00,Plan to Watch,,0,,LOW,,0,0,1,default,0
31706,Fate/kaleid liner Prisma☆Illya 3rei!!,TV,12,0,0,0000-00-00,0000-00-00,,0,,0.00,Plan to Watch,,0,,LOW,,0,0,1,default,0
356,Fate/stay night,TV,24,0,24,0000-00-00,0000-00-00,,10,,0.00,Completed,,0,,LOW,,0,0,1,default,0
22297,Fate/stay night: Unlimited Blade Works,TV,12,0,12,0000-00-00,0000-00-00,,10,,0.00,Completed,,0,,LOW,,0,0,1,default,0
28701,Fate/stay night: Unlimited Blade Works 2nd Season,TV,13,0,13,0000-00-00,0000-00-00,,8,,0.00,Completed,,0,,LOW,,0,0,1,default,0
27821,Fate/stay night: Unlimited Blade Works Prologue,Special,1,0,1,0000-00-00,0000-00-00,,8,,0.00,Completed,,0,,LOW,,0,0,1,default,0
10087,Fate/Zero,TV,13,0,13,0000-00-00,0000-00-00,,10,,0.00,Completed,,0,,LOW,,0,0,1,default,0
11741,Fate/Zero 2nd Season,TV,12,0,12,0000-00-00,0000-00-00,,10,,0.00,Completed,,0,,LOW,,0,0,1,default,0
227,FLCL,OVA,6,0,2,0000-00-00,0000-00-00,,9,,0.00,Dropped,,0,,LOW,,0,0,1,default,0
33010,FLCL Progressive,Movie,1,0,0,2016-08-08,0000-00-00,,0,,0.00,Plan to Watch,,0,,LOW,,0,0,1,default,0
32979,Flip Flappers,TV,13,0,13,0000-00-00,0000-00-00,,10,,0.00,Completed,,0,,LOW,,0,0,1,default,0
121,Fullmetal Alchemist,TV,51,0,0,0000-00-00,0000-00-00,,0,,0.00,Plan to Watch,,0,,LOW,,0,0,1,default,0
5114,Fullmetal Alchemist: Brotherhood,TV,64,0,64,0000-00-00,0000-00-00,,10,,0.00,Completed,,0,,LOW,,0,0,1,default,0
6421,Fullmetal Alchemist: Brotherhood Specials,Special,4,0,0,0000-00-00,0000-00-00,,0,,0.00,Plan to Watch,,0,,LOW,,0,0,1,default,0
430,Fullmetal Alchemist: The Conqueror of Shamballa,Movie,1,0,0,0000-00-00,0000-00-00,,0,,0.00,Plan to Watch,,0,,LOW,,0,0,1,default,0
41025,Fumetsu no Anata e,TV,20,0,2,0000-00-00,0000-00-00,,0,,0.00,Watching,,0,,LOW,,0,0,1,default,0
4725,Ga-Rei: Zero,TV,12,0,0,0000-00-00,0000-00-00,,0,,0.00,Plan to Watch,,0,,LOW,,0,0,1,default,0
48760,"Gaikotsu Kishi-sama, Tadaima Isekai e Odekakechuu",TV,0,0,0,0000-00-00,0000-00-00,,0,,0.00,Plan to Watch,,0,,LOW,,0,0,1,default,0
30544,Gakusen Toshi Asterisk,TV,12,0,12,2016-07-08,0000-00-00,,8,,0.00,Completed,,0,,LOW,,0,0,1,default,0
31737,Gakusen Toshi Asterisk 2nd Season,TV,12,0,12,0000-00-00,0000-00-00,,8,,0.00,Completed,,0,,LOW,,0,0,1,default,0
34280,Gamers!,TV,12,0,0,0000-00-00,0000-00-00,,0,,0.00,Plan to Watch,,0,,LOW,,0,0,1,default,0
28907,"Gate: Jieitai Kanochi nite, Kaku Tatakaeri",TV,12,0,12,0000-00-00,0000-00-00,,8,,0.00,Completed,,0,,LOW,,0,0,1,default,0
31637,"Gate: Jieitai Kanochi nite, Kaku Tatakaeri 2nd Season",TV,12,0,12,0000-00-00,0000-00-00,,7,,0.00,Completed,,0,,LOW,,0,0,1,default,0
17651,Genei wo Kakeru Taiyou,TV,13,0,0,0000-00-00,0000-00-00,,0,,0.00,Plan to Watch,,0,,LOW,,0,0,1,default,0
32936,Gin no Guardian,TV,12,0,12,0000-00-00,0000-00-00,,7,,0.00,Completed,,0,,LOW,,0,0,1,default,0
35757,Gin no Guardian II,TV,6,0,6,0000-00-00,0000-00-00,,6,,0.00,Completed,,0,,LOW,,0,0,1,default,0
918,Gintama,TV,201,0,0,0000-00-00,0000-00-00,,0,,0.00,Plan to Watch,,0,,LOW,,0,0,1,default,0
14131,Girls & Panzer,TV,12,0,1,2016-06-15,0000-00-00,,0,,0.00,Dropped,,0,,LOW,,0,0,1,default,0
25907,Glass no Hana to Kowasu Sekai,Movie,1,0,0,0000-00-00,0000-00-00,,0,,0.00,Plan to Watch,,0,,LOW,,0,0,1,default,0
37349,Goblin Slayer,TV,12,0,4,0000-00-00,0000-00-00,,0,,0.00,On-Hold,,0,,LOW,,0,0,1,default,0
27631,God Eater,TV,13,0,13,0000-00-00,0000-00-00,,8,,0.00,Completed,,0,,LOW,,0,0,1,default,0
10470,God Eater Prologue,Special,1,0,0,0000-00-00,0000-00-00,,0,,0.00,Plan to Watch,,0,,LOW,,0,0,1,default,0
21431,Gokukoku no Brynhildr,TV,13,0,0,0000-00-00,0000-00-00,,0,,0.00,Plan to Watch,,0,,LOW,,0,0,1,default,0
36028,Golden Kamuy,TV,12,0,0,0000-00-00,0000-00-00,,0,,0.00,Plan to Watch,,0,,LOW,,0,0,1,default,0
31629,Granblue Fantasy The Animation,TV,13,0,13,0000-00-00,2017-07-03,,7,,0.00,Completed,,0,,LOW,,0,0,1,default,0
36587,Granblue Fantasy The Animation Season 2,TV,12,0,1,0000-00-00,0000-00-00,,0,,0.00,Watching,,0,,LOW,,0,0,1,default,0
34279,Grancrest Senki,TV,24,0,20,0000-00-00,0000-00-00,,0,,0.00,Watching,,0,,LOW,,0,0,1,default,0
10793,Guilty Crown,TV,22,0,22,0000-00-00,0000-00-00,,9,,0.00,Completed,,0,,LOW,,0,0,1,default,0
13411,Guilty Crown: Lost Christmas - An Episode of Port Town,OVA,1,0,0,0000-00-00,0000-00-00,,0,,0.00,Plan to Watch,,0,,LOW,,0,0,1,default,0
37806,Gunjou no Magmell,TV,13,0,4,0000-00-00,0000-00-00,,0,,0.00,Watching,,0,,LOW,,0,0,1,default,0
23279,Gyakusatsu Kikan,Movie,1,0,0,0000-00-00,0000-00-00,,0,,0.00,Plan to Watch,,0,,LOW,,0,0,1,default,0
48644,Gyakuten Sekai no Denchi Shoujo,TV,0,0,0,0000-00-00,0000-00-00,,0,,0.00,Plan to Watch,,0,,LOW,,0,0,1,default,0
13161,Hagure Yuusha no Aesthetica,TV,12,0,0,0000-00-00,0000-00-00,,0,,0.00,Plan to Watch,,0,,LOW,,0,0,1,default,0
31859,Hai to Gensou no Grimgar,TV,12,0,12,0000-00-00,0000-00-00,,9,,0.00,Completed,,0,,LOW,,0,0,1,default,0
32561,Hai to Gensou no Grimgar: Furoagari no Kabe ni Kaketa Seishun - One More Centimeter,Special,1,0,1,0000-00-00,0000-00-00,,7,,0.00,Completed,,0,,LOW,,0,0,1,default,0
11785,Haiyore! Nyaruko-san,TV,12,0,0,0000-00-00,0000-00-00,,0,,0.00,Plan to Watch,,0,,LOW,,0,0,1,default,0
34403,Hajimete no Gal,TV,10,0,1,0000-00-00,0000-00-00,,0,,0.00,Dropped,,0,,LOW,,0,0,1,default,0
15613,Hakkenden: Touhou Hakken Ibun,TV,13,0,0,0000-00-00,0000-00-00,,0,,0.00,Plan to Watch,,0,,LOW,,0,0,1,default,0
20689,Hamatora The Animation,TV,12,0,0,0000-00-00,0000-00-00,,0,,0.00,Plan to Watch,,0,,LOW,,0,0,1,default,0
28211,Harmony,Movie,1,0,0,0000-00-00,0000-00-00,,0,,0.00,On-Hold,,0,,LOW,,0,0,1,default,0
39030,Hataage! Kemono Michi,TV,12,0,0,0000-00-00,0000-00-00,,0,,0.00,Plan to Watch,,0,,LOW,,0,0,1,default,0
15809,Hataraku Maou-sama!,TV,13,0,0,0000-00-00,0000-00-00,,0,,0.00,Plan to Watch,,0,,LOW,,0,0,1,default,0
777,Hellsing Ultimate,OVA,10,0,10,0000-00-00,0000-00-00,,10,,0.00,Completed,,0,,LOW,,0,0,1,default,0
15225,Hentai Ouji to Warawanai Neko.,TV,12,0,4,0000-00-00,0000-00-00,,0,,0.00,Dropped,,0,,LOW,,0,0,1,default,0
31988,Hibike! Euphonium 2,TV,13,0,0,0000-00-00,0000-00-00,,0,,0.00,Plan to Watch,,0,,LOW,,0,0,1,default,0
5630,Higashi no Eden,TV,11,0,0,0000-00-00,0000-00-00,,0,,0.00,Plan to Watch,,0,,LOW,,0,0,1,default,0
40938,Hige wo Soru. Soshite Joshikousei wo Hirou.,TV,13,0,0,0000-00-00,0000-00-00,,0,,0.00,Plan to Watch,,0,,LOW,,0,0,1,default,0
11617,High School DxD,TV,12,0,12,0000-00-00,0000-00-00,,8,,0.00,Completed,,0,,LOW,,0,0,1,default,0
24703,High School DxD BorN,TV,12,0,12,0000-00-00,0000-00-00,,6,,0.00,Completed,,0,,LOW,,0,0,1,default,0
34281,High School DxD Hero,TV,12,0,5,0000-00-00,0000-00-00,,0,,0.00,On-Hold,,0,,LOW,,0,0,1,default,0
15451,High School DxD New,TV,12,0,12,0000-00-00,0000-00-00,,6,,0.00,Completed,,0,,LOW,,0,0,1,default,0
8074,Highschool of the Dead,TV,12,0,0,0000-00-00,0000-00-00,,0,,0.00,Plan to Watch,,0,,LOW,,0,0,1,default,0
934,Higurashi no Naku Koro ni,TV,26,0,2,2016-08-08,0000-00-00,,0,,0.00,Dropped,,0,,LOW,,0,0,1,default,0
1889,Higurashi no Naku Koro ni Kai,TV,24,0,0,0000-00-00,0000-00-00,,0,,0.00,Plan to Watch,,0,,LOW,,0,0,1,default,0
20431,Hoozuki no Reitetsu,TV,13,0,0,0000-00-00,0000-00-00,,0,,0.00,Plan to Watch,,0,,LOW,,0,0,1,default,0
10408,Hotarubi no Mori e,Movie,1,0,0,0000-00-00,0000-00-00,,0,,0.00,On-Hold,,0,,LOW,,0,0,1,default,0
431,Howl no Ugoku Shiro,Movie,1,0,1,0000-00-00,0000-00-00,,8,,0.00,Completed,,0,,LOW,,0,0,1,default,0
12189,Hyouka,TV,22,0,22,0000-00-00,0000-00-00,,9,,0.00,Completed,,0,,LOW,,0,0,1,default,0
7088,Ichiban Ushiro no Daimaou,TV,12,0,0,0000-00-00,0000-00-00,,0,,0.00,Plan to Watch,,0,,LOW,,0,0,1,default,0
42361,"Ijiranaide, Nagatoro-san",TV,12,0,0,0000-00-00,0000-00-00,,0,,0.00,Plan to Watch,,0,,LOW,,0,0,1,default,0
38909,Infinite Dendrogram,TV,13,0,0,0000-00-00,0000-00-00,,0,,0.00,Plan to Watch,,0,,LOW,,0,0,1,default,0
249,InuYasha,TV,167,0,0,0000-00-00,0000-00-00,,0,,0.00,Plan to Watch,,0,,LOW,,0,0,1,default,0
34542,Inuyashiki,TV,11,0,0,0000-00-00,0000-00-00,,0,,0.00,Plan to Watch,,0,,LOW,,0,0,1,default,0
37497,Irozuku Sekai no Ashita kara,TV,13,0,0,0000-00-00,0000-00-00,,0,,0.00,Plan to Watch,,0,,LOW,,0,0,1,default,0
37744,Isekai Cheat Magician,TV,12,0,1,0000-00-00,0000-00-00,,0,,0.00,Watching,,0,,LOW,,0,0,1,default,0
37210,Isekai Maou to Shoukan Shoujo no Dorei Majutsu,TV,12,0,0,0000-00-00,0000-00-00,,0,,0.00,Watching,,0,,LOW,,0,0,1,default,0
41623,Isekai Maou to Shoukan Shoujo no Dorei Majutsu Ω,TV,10,0,0,0000-00-00,0000-00-00,,0,,0.00,Plan to Watch,,0,,LOW,,0,0,1,default,0
38790,Itai no wa Iya nano de Bougyoryoku ni Kyokufuri Shitai to Omoimasu.,TV,12,0,12,0000-00-00,0000-00-00,,10,,0.00,Completed,,0,,LOW,,0,0,1,default,0
41514,Itai no wa Iya nano de Bougyoryoku ni Kyokufuri Shitai to Omoimasu. II,TV,0,0,0,0000-00-00,0000-00-00,,0,,0.00,Plan to Watch,,0,,LOW,,0,0,1,default,0
9750,Itsuka Tenma no Kuro Usagi,TV,12,0,0,0000-00-00,0000-00-00,,0,,0.00,Plan to Watch,,0,,LOW,,0,0,1,default,0
1594,Jigoku Shoujo Futakomori,TV,26,0,0,0000-00-00,0000-00-00,,0,,0.00,Plan to Watch,,0,,LOW,,0,0,1,default,0
10357,Jinrui wa Suitai Shimashita,TV,12,0,0,0000-00-00,0000-00-00,,0,,0.00,Plan to Watch,,0,,LOW,,0,0,1,default,0
14719,JoJo no Kimyou na Bouken (TV),TV,26,0,26,0000-00-00,2016-11-12,,9,,0.00,Completed,,0,,LOW,,0,0,1,default,0
20899,JoJo no Kimyou na Bouken Part 3: Stardust Crusaders,TV,24,0,24,0000-00-00,0000-00-00,,9,,0.00,Completed,,0,,LOW,,0,0,1,default,0
26055,JoJo no Kimyou na Bouken Part 3: Stardust Crusaders 2nd Season,TV,24,0,24,0000-00-00,0000-00-00,,9,,0.00,Completed,,0,,LOW,,0,0,1,default,0
40748,Jujutsu Kaisen (TV),TV,24,0,24,0000-00-00,2021-03-29,,8,,0.00,Completed,,0,,LOW,,0,0,1,default,0
26441,Junketsu no Maria,TV,12,0,12,0000-00-00,0000-00-00,,6,,0.00,Completed,,0,,LOW,,0,0,1,default,0
153,Juuni Kokuki,TV,45,0,0,0000-00-00,0000-00-00,,0,,0.00,Plan to Watch,,0,,LOW,,0,0,1,default,0
35076,Juuni Taisen,TV,12,0,0,0000-00-00,0000-00-00,,0,,0.00,Plan to Watch,,0,,LOW,,0,0,1,default,0
14467,K,TV,13,0,0,0000-00-00,0000-00-00,,0,,0.00,Plan to Watch,,0,,LOW,,0,0,1,default,0
5680,K-On!,TV,13,0,0,0000-00-00,0000-00-00,,0,,0.00,Plan to Watch,,0,,LOW,,0,0,1,default,0
40750,Kaifuku Jutsushi no Yarinaoshi,TV,12,0,12,0000-00-00,2021-04-06,,7,,0.00,Completed,,0,,LOW,,0,0,1,default,0
34933,Kakegurui,TV,12,0,12,0000-00-00,0000-00-00,,7,,0.00,Completed,,0,,LOW,,0,0,1,default,0
37086,Kakegurui××,TV,12,0,12,0000-00-00,0000-00-00,,7,,0.00,Completed,,0,,LOW,,0,0,1,default,0
16668,Kakumeiki Valvrave,TV,12,0,0,0000-00-00,0000-00-00,,0,,0.00,Plan to Watch,,0,,LOW,,0,0,1,default,0
40221,Kami no Tou,TV,13,0,13,0000-00-00,2020-06-24,,9,,0.00,Completed,,0,,LOW,,0,0,1,default,0
8525,Kami nomi zo Shiru Sekai,TV,12,0,0,0000-00-00,0000-00-00,,0,,0.00,Plan to Watch,,0,,LOW,,0,0,1,default,0
41930,Kamisama ni Natta Hi,TV,12,0,12,0000-00-00,0000-00-00,,7,,0.00,Completed,,0,,LOW,,0,0,1,default,0
16009,Kamisama no Inai Nichiyoubi,TV,12,0,0,0000-00-00,0000-00-00,,0,,0.00,Plan to Watch,,0,,LOW,,0,0,1,default,0
21511,Kantai Collection: KanColle,TV,12,0,0,0000-00-00,0000-00-00,,0,,0.00,Plan to Watch,,0,,LOW,,0,0,1,default,0
2593,Kara no Kyoukai 1: Fukan Fuukei,Movie,1,0,1,0000-00-00,0000-00-00,,5,,0.00,Completed,,0,,LOW,,0,0,1,default,0
3782,Kara no Kyoukai 2: Satsujin Kousatsu (Zen),Movie,1,0,1,0000-00-00,0000-00-00,,5,,0.00,Completed,,0,,LOW,,0,0,1,default,0
35860,Karakai Jouzu no Takagi-san,TV,12,0,0,0000-00-00,0000-00-00,,0,,0.00,Plan to Watch,,0,,LOW,,0,0,1,default,0
6594,Katanagatari,TV,12,0,1,0000-00-00,0000-00-00,,0,,0.00,Dropped,,0,,LOW,,0,0,1,default,0
33018,Katsugeki/Touken Ranbu,TV,13,0,0,0000-00-00,0000-00-00,,0,,0.00,Plan to Watch,,0,,LOW,,0,0,1,default,0
32686,Keijo!!!!!!!!,TV,12,0,12,0000-00-00,2017-03-25,,8,,0.00,Completed,,0,,LOW,,0,0,1,default,0
24439,Kekkai Sensen,TV,12,0,0,0000-00-00,0000-00-00,,0,,0.00,Plan to Watch,,0,,LOW,,0,0,1,default,0
36407,Kenja no Mago,TV,12,0,12,0000-00-00,0000-00-00,,9,,0.00,Completed,,0,,LOW,,0,0,1,default,0
33,Kenpuu Denki Berserk,TV,25,0,0,0000-00-00,0000-00-00,,0,,0.00,Plan to Watch,,0,,LOW,,0,0,1,default,0
18679,Kill la Kill,TV,24,0,24,0000-00-00,0000-00-00,,9,,0.00,Completed,,0,,LOW,,0,0,1,default,0
38000,Kimetsu no Yaiba,TV,26,0,26,0000-00-00,0000-00-00,,9,,0.00,Completed,,0,,LOW,,0,0,1,default,0
40456,Kimetsu no Yaiba Movie: Mugen Ressha-hen,Movie,1,0,0,0000-00-00,0000-00-00,,0,,0.00,Plan to Watch,,0,,LOW,,0,0,1,default,0
47778,Kimetsu no Yaiba: Yuukaku-hen,TV,0,0,0,0000-00-00,0000-00-00,,0,,0.00,Plan to Watch,,0,,LOW,,0,0,1,default,0
32281,Kimi no Na wa.,Movie,1,0,1,0000-00-00,0000-00-00,,10,,0.00,Completed,,0,,LOW,,0,0,1,default,0
40595,"Kimi to Boku no Saigo no Senjou, Aruiwa Sekai ga Hajimaru Seisen",TV,12,0,12,0000-00-00,2020-12-23,,7,,0.00,Completed,,0,,LOW,,0,0,1,default,0
12031,Kingdom,TV,38,0,0,0000-00-00,0000-00-00,,0,,0.00,Plan to Watch,,0,,LOW,,0,0,1,default,0
17389,Kingdom 2nd Season,TV,39,0,0,0000-00-00,0000-00-00,,0,,0.00,Plan to Watch,,0,,LOW,,0,0,1,default,0
486,Kino no Tabi: The Beautiful World,TV,13,0,0,0000-00-00,0000-00-00,,0,,0.00,Plan to Watch,,0,,LOW,,0,0,1,default,0
22535,Kiseijuu: Sei no Kakuritsu,TV,24,0,24,0000-00-00,2017-03-12,,7,,0.00,Completed,,0,,LOW,,0,0,1,default,0
5042,Kiss x Sis,OVA,12,0,0,0000-00-00,0000-00-00,,0,,0.00,Plan to Watch,,0,,LOW,,0,0,1,default,0
31798,Kiznaiver,TV,12,0,12,0000-00-00,0000-00-00,,7,,0.00,Completed,,0,,LOW,,0,0,1,default,0
9260,Kizumonogatari I: Tekketsu-hen,Movie,1,0,0,0000-00-00,0000-00-00,,0,,0.00,Plan to Watch,,0,,LOW,,0,0,1,default,0
31757,Kizumonogatari II: Nekketsu-hen,Movie,1,0,0,0000-00-00,0000-00-00,,0,,0.00,Plan to Watch,,0,,LOW,,0,0,1,default,0
31758,Kizumonogatari III: Reiketsu-hen,Movie,1,0,0,0000-00-00,0000-00-00,,0,,0.00,Plan to Watch,,0,,LOW,,0,0,1,default,0
34104,Knight's & Magic,TV,13,0,13,0000-00-00,2017-10-23,,9,,0.00,Completed,,0,,LOW,,0,0,1,default,0
33206,Kobayashi-san Chi no Maid Dragon,TV,13,0,1,0000-00-00,0000-00-00,,0,,0.00,Watching,,0,,LOW,,0,0,1,default,0
28851,Koe no Katachi,Movie,1,0,1,0000-00-00,2017-07-02,,9,,0.00,Completed,,0,,LOW,,0,0,1,default,0
30831,Kono Subarashii Sekai ni Shukufuku wo!,TV,10,0,10,0000-00-00,0000-00-00,,9,,0.00,Completed,,0,,LOW,,0,0,1,default,0
32937,Kono Subarashii Sekai ni Shukufuku wo! 2,TV,10,0,10,0000-00-00,2017-03-25,,9,,0.00,Completed,,0,,LOW,,0,0,1,default,0
34626,Kono Subarashii Sekai ni Shukufuku wo! 2: Kono Subarashii Geijutsu ni Shukufuku wo!,OVA,1,0,1,0000-00-00,0000-00-00,,9,,0.00,Completed,,0,,LOW,,0,0,1,default,0
32380,Kono Subarashii Sekai ni Shukufuku wo!: Kono Subarashii Choker ni Shukufuku wo!,OVA,1,0,1,0000-00-00,0000-00-00,,9,,0.00,Completed,,0,,LOW,,0,0,1,default,0
8841,Kore wa Zombie Desu ka?,TV,12,0,12,0000-00-00,0000-00-00,,7,,0.00,Completed,,0,,LOW,,0,0,1,default,0
10790,Kore wa Zombie Desu ka? of the Dead,TV,10,0,10,0000-00-00,0000-00-00,,8,,0.00,Completed,,0,,LOW,,0,0,1,default,0
33511,Koro-sensei Q!,Movie,1,0,0,0000-00-00,0000-00-00,,0,,0.00,Plan to Watch,,0,,LOW,,0,0,1,default,0
16782,Kotonoha no Niwa,Movie,1,0,0,0000-00-00,0000-00-00,,0,,0.00,Plan to Watch,,0,,LOW,,0,0,1,default,0
237,Koukyoushihen Eureka Seven,TV,50,0,0,0000-00-00,0000-00-00,,0,,0.00,On-Hold,,0,,LOW,,0,0,1,default,0
28623,Koutetsujou no Kabaneri,TV,12,0,12,0000-00-00,0000-00-00,,6,,0.00,Completed,,0,,LOW,,0,0,1,default,0
34712,Kujira no Kora wa Sajou ni Utau,TV,12,0,12,0000-00-00,0000-00-00,,8,,0.00,Completed,,0,,LOW,,0,0,1,default,0
37984,"Kumo Desu ga, Nani ka?",TV,24,0,23,0000-00-00,2021-07-05,,9,,0.00,Completed,,0,,LOW,,0,0,1,default,0
433,"Kumo no Mukou, Yakusoku no Basho",Movie,1,0,0,0000-00-00,0000-00-00,,0,,0.00,Plan to Watch,,0,,LOW,,0,0,1,default,0
4898,Kuroshitsuji,TV,24,0,24,0000-00-00,0000-00-00,,5,,0.00,Completed,,0,,LOW,,0,0,1,default,0
32949,Kuzu no Honkai,TV,12,0,12,0000-00-00,0000-00-00,,8,,0.00,Completed,,0,,LOW,,0,0,1,default,0
18153,Kyoukai no Kanata,TV,12,0,12,2016-06-16,2016-06-17,,8,,0.00,Completed,,0,,LOW,,0,0,1,default,0
25015,Kyoukai no Kanata Movie 1: I'll Be Here - Kako-hen,Movie,1,0,0,0000-00-00,0000-00-00,,0,,0.00,Watching,,0,,LOW,,0,0,1,default,0
28675,Kyoukai no Kanata Movie 2: I'll Be Here - Mirai-hen,Movie,1,0,1,0000-00-00,0000-00-00,,9,,0.00,Completed,,0,,LOW,,0,0,1,default,0
23385,Kyoukai no Kanata: Shinonome,Special,1,0,1,2016-06-15,2016-06-15,,7,,0.00,Completed,,0,,LOW,,0,0,1,default,0
14349,Little Witch Academia,Movie,1,0,1,0000-00-00,0000-00-00,,10,,0.00,Completed,,0,,LOW,,0,0,1,default,0
33489,Little Witch Academia (TV),TV,25,0,25,0000-00-00,2017-06-26,,10,,0.00,Completed,,0,,LOW,,0,0,1,default,0
19489,Little Witch Academia: Mahoujikake no Parade,Movie,1,0,1,0000-00-00,0000-00-00,,10,,0.00,Completed,,0,,LOW,,0,0,1,default,0
17265,Log Horizon,TV,25,0,25,0000-00-00,0000-00-00,,10,,0.00,Completed,,0,,LOW,,0,0,1,default,0
23321,Log Horizon 2nd Season,TV,25,0,25,0000-00-00,0000-00-00,,8,,0.00,Completed,,0,,LOW,,0,0,1,default,0
41109,Log Horizon: Entaku Houkai,TV,12,0,8,0000-00-00,2021-04-18,,7,,0.00,Completed,,0,,LOW,,0,0,1,default,0
1887,Lucky☆Star,TV,24,0,0,0000-00-00,0000-00-00,,0,,0.00,Plan to Watch,,0,,LOW,,0,0,1,default,0
24455,Madan no Ou to Vanadis,TV,13,0,13,0000-00-00,0000-00-00,,9,,0.00,Completed,,0,,LOW,,0,0,1,default,0
34599,Made in Abyss,TV,13,0,13,0000-00-00,0000-00-00,,9,,0.00,Completed,,0,,LOW,,0,0,1,default,0
36862,Made in Abyss Movie 3: Fukaki Tamashii no Reimei,Movie,1,0,0,0000-00-00,0000-00-00,,0,,0.00,Plan to Watch,,0,,LOW,,0,0,1,default,0
22097,Magi: Sinbad no Bouken,OVA,5,0,0,0000-00-00,0000-00-00,,0,,0.00,Plan to Watch,,0,,LOW,,0,0,1,default,0
31741,Magi: Sinbad no Bouken (TV),TV,13,0,13,0000-00-00,0000-00-00,,9,,0.00,Completed,,0,,LOW,,0,0,1,default,0
18115,Magi: The Kingdom of Magic,TV,25,0,25,0000-00-00,0000-00-00,,9,,0.00,Completed,,0,,LOW,,0,0,1,default,0
14513,Magi: The Labyrinth of Magic,TV,25,0,25,0000-00-00,0000-00-00,,9,,0.00,Completed,,0,,LOW,,0,0,1,default,0
19769,Mahou Sensou,TV,12,0,0,0000-00-00,0000-00-00,,0,,0.00,Plan to Watch,,0,,LOW,,0,0,1,default,0
9756,Mahou Shoujo Madoka★Magica,TV,12,0,0,0000-00-00,0000-00-00,,0,,0.00,Plan to Watch,,0,,LOW,,0,0,1,default,0
11979,Mahou Shoujo Madoka★Magica Movie 2: Eien no Monogatari,Movie,1,0,0,0000-00-00,0000-00-00,,0,,0.00,Plan to Watch,,0,,LOW,,0,0,1,default,0
11981,Mahou Shoujo Madoka★Magica Movie 3: Hangyaku no Monogatari,Movie,1,0,0,0000-00-00,0000-00-00,,0,,0.00,Plan to Watch,,0,,LOW,,0,0,1,default,0
872,Mahou Shoujo-tai Arusu,TV,40,0,0,0000-00-00,0000-00-00,,0,,0.00,Plan to Watch,,0,,LOW,,0,0,1,default,0
20785,Mahouka Koukou no Rettousei,TV,26,0,26,0000-00-00,0000-00-00,,8,,0.00,Completed,,0,,LOW,,0,0,1,default,0
32900,Mahouka Koukou no Rettousei Movie: Hoshi wo Yobu Shoujo,Movie,1,0,0,0000-00-00,0000-00-00,,0,,0.00,Plan to Watch,,0,,LOW,,0,0,1,default,0
35062,Mahoutsukai no Yome,TV,24,0,16,0000-00-00,0000-00-00,,0,,0.00,Watching,,0,,LOW,,0,0,1,default,0
32902,Mahoutsukai no Yome: Hoshi Matsu Hito,OVA,3,0,3,0000-00-00,0000-00-00,,10,,0.00,Completed,,0,,LOW,,0,0,1,default,0
48438,Mahoutsukai no Yome: Nishi no Shounen to Seiran no Kishi,OVA,3,0,0,0000-00-00,0000-00-00,,0,,0.00,Plan to Watch,,0,,LOW,,0,0,1,default,0
10213,Maji de Watashi ni Koi Shinasai!,TV,12,0,0,0000-00-00,0000-00-00,,0,,0.00,Plan to Watch,,0,,LOW,,0,0,1,default,0
16890,Makai Ouji: Devils and Realist,TV,12,0,0,0000-00-00,0000-00-00,,0,,0.00,Plan to Watch,,0,,LOW,,0,0,1,default,0
31537,Manaria Friends,TV,10,0,0,0000-00-00,0000-00-00,,0,,0.00,Watching,,0,,LOW,,0,0,1,default,0
14833,Maoyuu Maou Yuusha,TV,12,0,0,0000-00-00,0000-00-00,,0,,0.00,Plan to Watch,,0,,LOW,,0,0,1,default,0
14527,Medaka Box Abnormal,TV,12,0,0,0000-00-00,0000-00-00,,0,,0.00,Plan to Watch,,0,,LOW,,0,0,1,default,0
36563,Megalo Box,TV,13,0,0,0000-00-00,0000-00-00,,0,,0.00,Plan to Watch,,0,,LOW,,0,0,1,default,0
41812,Megami-ryou no Ryoubo-kun.,TV,10,0,4,0000-00-00,0000-00-00,,0,,0.00,Watching,,0,,LOW,,0,0,1,default,0
42340,Meikyuu Black Company,TV,12,0,6,0000-00-00,0000-00-00,,7,,0.00,Watching,,0,,LOW,,0,0,1,default,0
21603,Mekakucity Actors,TV,12,0,1,0000-00-00,0000-00-00,,0,,0.00,On-Hold,,0,,LOW,,0,0,1,default,0
37232,Merc Storia: Mukiryoku no Shounen to Bin no Naka no Shoujo,TV,12,0,0,0000-00-00,0000-00-00,,0,,0.00,Plan to Watch,,0,,LOW,,0,0,1,default,0
10620,Mirai Nikki (TV),TV,26,0,26,0000-00-00,0000-00-00,,9,,0.00,Completed,,0,,LOW,,0,0,1,default,0
32182,Mob Psycho 100,TV,12,0,0,0000-00-00,0000-00-00,,0,,0.00,Plan to Watch,,0,,LOW,,0,0,1,default,0
15315,Mondaiji-tachi ga Isekai kara Kuru Sou Desu yo?,TV,10,0,0,0000-00-00,0000-00-00,,0,,0.00,Plan to Watch,,0,,LOW,,0,0,1,default,0
17074,Monogatari Series: Second Season,TV,26,0,0,0000-00-00,0000-00-00,,0,,0.00,Plan to Watch,,0,,LOW,,0,0,1,default,0
164,Mononoke Hime,Movie,1,0,0,0000-00-00,0000-00-00,,0,,0.00,Plan to Watch,,0,,LOW,,0,0,1,default,0
30307,Monster Musume no Iru Nichijou,TV,12,0,2,0000-00-00,0000-00-00,,0,,0.00,Dropped,,0,,LOW,,0,0,1,default,0
40708,Monster Musume no Oishasan,TV,12,0,0,0000-00-00,0000-00-00,,0,,0.00,Plan to Watch,,0,,LOW,,0,0,1,default,0
31442,Musaigen no Phantom World,TV,13,0,13,0000-00-00,0000-00-00,,7,,0.00,Completed,,0,,LOW,,0,0,1,default,0
33075,Musaigen no Phantom World: Mizutama no Kiseki,Special,1,0,1,0000-00-00,0000-00-00,,8,,0.00,Completed,,0,,LOW,,0,0,1,default,0
457,Mushishi,TV,26,0,2,0000-00-00,0000-00-00,,0,,0.00,Dropped,,0,,LOW,,0,0,1,default,0
21939,Mushishi Zoku Shou,TV,10,0,0,0000-00-00,0000-00-00,,0,,0.00,Plan to Watch,,0,,LOW,,0,0,1,default,0
39535,Mushoku Tensei: Isekai Ittara Honki Dasu,TV,11,0,11,0000-00-00,0000-00-00,,10,,0.00,Completed,,0,,LOW,,0,0,1,default,0
3655,Nabari no Ou,TV,26,0,0,0000-00-00,0000-00-00,,0,,0.00,Plan to Watch,,0,,LOW,,0,0,1,default,0
16067,Nagi no Asu kara,TV,26,0,0,0000-00-00,0000-00-00,,0,,0.00,Plan to Watch,,0,,LOW,,0,0,1,default,0
23755,Nanatsu no Taizai,TV,24,0,24,0000-00-00,0000-00-00,,10,,0.00,Completed,,0,,LOW,,0,0,1,default,0
35946,Nanatsu no Taizai Movie 1: Tenkuu no Torawarebito,Movie,1,0,1,0000-00-00,0000-00-00,,8,,0.00,Completed,,0,,LOW,,0,0,1,default,0
30347,Nanatsu no Taizai OVA,OVA,2,0,2,0000-00-00,0000-00-00,,9,,0.00,Completed,,0,,LOW,,0,0,1,default,0
41491,Nanatsu no Taizai: Fundo no Shinpan,TV,24,0,17,0000-00-00,0000-00-00,,0,,0.00,Watching,,0,,LOW,,0,0,1,default,0
34577,Nanatsu no Taizai: Imashime no Fukkatsu,TV,24,0,24,0000-00-00,0000-00-00,,8,,0.00,Completed,,0,,LOW,,0,0,1,default,0
36923,Nanatsu no Taizai: Imashime no Fukkatsu Joshou,Special,1,0,1,0000-00-00,0000-00-00,,0,,0.00,Completed,,0,,LOW,,0,0,1,default,0
39701,Nanatsu no Taizai: Kamigami no Gekirin,TV,24,0,24,0000-00-00,2020-03-26,,9,,0.00,Completed,,0,,LOW,,0,0,1,default,0
31722,Nanatsu no Taizai: Seisen no Shirushi,TV,4,0,4,2016-12-12,2016-12-12,,9,,0.00,Completed,,0,,LOW,,0,0,1,default,0
20,Naruto,TV,220,0,0,0000-00-00,0000-00-00,,0,,0.00,Dropped,,0,,LOW,,0,0,1,default,0
1735,Naruto: Shippuuden,TV,500,0,0,0000-00-00,0000-00-00,,0,,0.00,Dropped,,0,,LOW,,0,0,1,default,0
4081,Natsume Yuujinchou,TV,13,0,0,0000-00-00,0000-00-00,,0,,0.00,Plan to Watch,,0,,LOW,,0,0,1,default,0
31764,Nejimaki Seirei Senki: Tenkyou no Alderamin,TV,13,0,0,0000-00-00,0000-00-00,,0,,0.00,Plan to Watch,,0,,LOW,,0,0,1,default,0
30,Neon Genesis Evangelion,TV,26,0,0,0000-00-00,0000-00-00,,0,,0.00,Plan to Watch,,0,,LOW,,0,0,1,default,0
31953,New Game!,TV,12,0,0,0000-00-00,0000-00-00,,0,,0.00,Plan to Watch,,0,,LOW,,0,0,1,default,0
1210,NHK ni Youkoso!,TV,24,0,0,0000-00-00,0000-00-00,,0,,0.00,Plan to Watch,,0,,LOW,,0,0,1,default,0
10165,Nichijou,TV,26,0,6,0000-00-00,0000-00-00,,0,,0.00,On-Hold,,0,,LOW,,0,0,1,default,0
18897,Nisekoi,TV,20,0,20,0000-00-00,0000-00-00,,9,,0.00,Completed,,0,,LOW,,0,0,1,default,0
27787,Nisekoi:,TV,12,0,12,0000-00-00,0000-00-00,,8,,0.00,Completed,,0,,LOW,,0,0,1,default,0
11597,Nisemonogatari,TV,11,0,0,0000-00-00,0000-00-00,,0,,0.00,Plan to Watch,,0,,LOW,,0,0,1,default,0
19815,No Game No Life,TV,12,0,12,0000-00-00,0000-00-00,,10,,0.00,Completed,,0,,LOW,,0,0,1,default,0
33674,No Game No Life: Zero,Movie,1,0,1,0000-00-00,0000-00-00,,9,,0.00,Completed,,0,,LOW,,0,0,1,default,0
10161,No.6,TV,11,0,1,0000-00-00,0000-00-00,,0,,0.00,Dropped,,0,,LOW,,0,0,1,default,0
32566,Noblesse: Pamyeol-ui Sijak,OVA,1,0,0,0000-00-00,0000-00-00,,0,,0.00,Plan to Watch,,0,,LOW,,0,0,1,default,0
1698,Nodame Cantabile,TV,23,0,0,0000-00-00,0000-00-00,,0,,0.00,Plan to Watch,,0,,LOW,,0,0,1,default,0
40729,Nomad: Megalo Box 2,TV,13,0,12,0000-00-00,0000-00-00,,0,,0.00,Watching,,0,,LOW,,0,0,1,default,0
20507,Noragami,TV,12,0,12,0000-00-00,0000-00-00,,7,,0.00,Completed,,0,,LOW,,0,0,1,default,0
30503,Noragami Aragoto,TV,13,0,13,0000-00-00,0000-00-00,,7,,0.00,Completed,,0,,LOW,,0,0,1,default,0
30885,Noragami Aragoto OVA,OVA,2,0,0,0000-00-00,0000-00-00,,0,,0.00,Plan to Watch,,0,,LOW,,0,0,1,default,0
32962,Occultic;Nine,TV,12,0,0,0000-00-00,0000-00-00,,0,,0.00,Plan to Watch,,0,,LOW,,0,0,1,default,0
11933,Oda Nobuna no Yabou,TV,12,0,0,0000-00-00,0000-00-00,,0,,0.00,Plan to Watch,,0,,LOW,,0,0,1,default,0
30276,One Punch Man,TV,12,0,12,0000-00-00,0000-00-00,,10,,0.00,Completed,,0,,LOW,,0,0,1,default,0
34134,One Punch Man 2nd Season,TV,12,0,12,2019-04-09,2019-07-04,,0,,0.00,Completed,,0,,LOW,,0,0,1,default,0
31772,One Punch Man Specials,Special,6,0,6,0000-00-00,0000-00-00,,8,,0.00,Completed,,0,,LOW,,0,0,1,default,0
12355,Ookami Kodomo no Ame to Yuki,Movie,1,0,0,0000-00-00,0000-00-00,,0,,0.00,Plan to Watch,,0,,LOW,,0,0,1,default,0
2966,Ookami to Koushinryou,TV,13,0,13,0000-00-00,2017-02-07,,10,,0.00,Completed,,0,,LOW,,0,0,1,default,0
5341,Ookami to Koushinryou II,TV,12,0,12,0000-00-00,0000-00-00,,10,,0.00,Completed,,0,,LOW,,0,0,1,default,0
6884,Ookami to Koushinryou II: Holo no Short Anime,Special,2,0,2,0000-00-00,0000-00-00,,6,,0.00,Completed,,0,,LOW,,0,0,1,default,0
6007,Ookami to Koushinryou II: Ookami to Kohakuiro no Yuuutsu,OVA,1,0,1,0000-00-00,0000-00-00,,0,,0.00,Completed,,0,,LOW,,0,0,1,default,0
32729,Orange,TV,13,0,0,0000-00-00,0000-00-00,,0,,0.00,Plan to Watch,,0,,LOW,,0,0,1,default,0
41899,Ore dake Haireru Kakushi Dungeon,TV,12,0,12,0000-00-00,2021-03-28,,6,,0.00,Completed,,0,,LOW,,0,0,1,default,0
28297,Ore Monogatari!!,TV,24,0,0,0000-00-00,0000-00-00,,0,,0.00,Plan to Watch,,0,,LOW,,0,0,1,default,0
24705,"Ore, Twintail ni Narimasu.",TV,12,0,0,0000-00-00,0000-00-00,,0,,0.00,Plan to Watch,,0,,LOW,,0,0,1,default,0
36027,Ousama Game The Animation,TV,12,0,7,0000-00-00,0000-00-00,,0,,0.00,Dropped,,0,,LOW,,0,0,1,default,0
19369,Outbreak Company,TV,12,0,0,0000-00-00,0000-00-00,,0,,0.00,Plan to Watch,,0,,LOW,,0,0,1,default,0
29803,Overlord,TV,13,0,13,0000-00-00,0000-00-00,,10,,0.00,Completed,,0,,LOW,,0,0,1,default,0
35073,Overlord II,TV,13,0,9,0000-00-00,0000-00-00,,0,,0.00,Watching,,0,,LOW,,0,0,1,default,0
37675,Overlord III,TV,13,0,11,0000-00-00,0000-00-00,,0,,0.00,Watching,,0,,LOW,,0,0,1,default,0
48895,Overlord IV,TV,0,0,0,0000-00-00,0000-00-00,,0,,0.00,Plan to Watch,,0,,LOW,,0,0,1,default,0
34428,Overlord Movie 2: Shikkoku no Eiyuu,Movie,1,0,0,0000-00-00,0000-00-00,,0,,0.00,Plan to Watch,,0,,LOW,,0,0,1,default,0
26243,Owari no Seraph,TV,12,0,12,0000-00-00,0000-00-00,,8,,0.00,Completed,,0,,LOW,,0,0,1,default,0
31378,Owari no Seraph: Kyuuketsuki Shahar,OVA,1,0,0,0000-00-00,0000-00-00,,0,,0.00,Plan to Watch,,0,,LOW,,0,0,1,default,0
28927,Owari no Seraph: Nagoya Kessen-hen,TV,12,0,12,0000-00-00,0000-00-00,,0,,0.00,Completed,,0,,LOW,,0,0,1,default,0
5530,Pandora Hearts,TV,25,0,25,0000-00-00,0000-00-00,,10,,0.00,Completed,,0,,LOW,,0,0,1,default,0
42627,Peach Boy Riverside,TV,12,0,0,0000-00-00,0000-00-00,,0,,0.00,Plan to Watch,,0,,LOW,,0,0,1,default,0
21473,Persona 3 the Movie 2: Midsummer Knight's Dream,Movie,1,0,0,0000-00-00,0000-00-00,,0,,0.00,Plan to Watch,,0,,LOW,,0,0,1,default,0
27775,Plastic Memories,TV,13,0,0,0000-00-00,0000-00-00,,0,,0.00,Plan to Watch,,0,,LOW,,0,0,1,default,0
527,Pokemon,TV,276,0,0,0000-00-00,0000-00-00,,0,,0.00,Plan to Watch,,0,,LOW,,0,0,1,default,0
31592,Pokemon XY&Z,TV,47,0,4,0000-00-00,0000-00-00,,7,,0.00,Dropped,,0,,LOW,,0,0,1,default,0
35330,Poputepipikku,TV,12,0,0,0000-00-00,0000-00-00,,0,,0.00,Plan to Watch,,0,,LOW,,0,0,1,default,0
30240,Prison School,TV,12,0,0,0000-00-00,0000-00-00,,0,,0.00,Plan to Watch,,0,,LOW,,0,0,1,default,0
35848,Promare,Movie,1,0,1,0000-00-00,2020-12-09,,9,,0.00,Completed,,0,,LOW,,0,0,1,default,0
13601,Psycho-Pass,TV,22,0,22,0000-00-00,0000-00-00,,8,,0.00,Completed,,0,,LOW,,0,0,1,default,0
23281,Psycho-Pass 2,TV,11,0,11,0000-00-00,0000-00-00,,9,,0.00,Completed,,0,,LOW,,0,0,1,default,0
39491,Psycho-Pass 3,TV,8,0,5,0000-00-00,0000-00-00,,0,,0.00,Watching,,0,,LOW,,0,0,1,default,0
21339,Psycho-Pass Movie,Movie,1,0,0,0000-00-00,0000-00-00,,0,,0.00,Plan to Watch,,0,,LOW,,0,0,1,default,0
37078,Quanzhi Gaoshou Specials,ONA,3,0,0,0000-00-00,0000-00-00,,0,,0.00,Plan to Watch,,0,,LOW,,0,0,1,default,0
6114,Rainbow: Nisha Rokubou no Shichinin,TV,26,0,26,0000-00-00,2017-08-08,,9,,0.00,Completed,,0,,LOW,,0,0,1,default,0
30296,Rakudai Kishi no Cavalry,TV,12,0,12,2016-09-14,2016-09-15,,9,,0.00,Completed,,0,,LOW,,0,0,1,default,0
28619,Ranpo Kitan: Game of Laplace,TV,11,0,0,0000-00-00,0000-00-00,,0,,0.00,Plan to Watch,,0,,LOW,,0,0,1,default,0
23421,Re:␣Hamatora,TV,12,0,0,0000-00-00,0000-00-00,,0,,0.00,Plan to Watch,,0,,LOW,,0,0,1,default,0
34561,Re:Creators,TV,22,0,22,0000-00-00,2017-09-17,,8,,0.00,Completed,,0,,LOW,,0,0,1,default,0
31240,Re:Zero kara Hajimeru Isekai Seikatsu,TV,25,0,25,0000-00-00,0000-00-00,,9,,0.00,Completed,,0,,LOW,,0,0,1,default,0
38414,Re:Zero kara Hajimeru Isekai Seikatsu - Hyouketsu no Kizuna,Movie,1,0,0,0000-00-00,0000-00-00,,0,,0.00,Plan to Watch,,0,,LOW,,0,0,1,default,0
36286,Re:Zero kara Hajimeru Isekai Seikatsu - Memory Snow,Movie,1,0,0,0000-00-00,0000-00-00,,0,,0.00,Plan to Watch,,0,,LOW,,0,0,1,default,0
39587,Re:Zero kara Hajimeru Isekai Seikatsu 2nd Season,TV,13,0,13,0000-00-00,2020-10-09,,7,,0.00,Completed,,0,,LOW,,0,0,1,default,0
42203,Re:Zero kara Hajimeru Isekai Seikatsu 2nd Season Part 2,TV,12,0,5,0000-00-00,0000-00-00,,0,,0.00,Watching,,0,,LOW,,0,0,1,default,0
31716,Rewrite,TV,13,0,1,0000-00-00,0000-00-00,,0,,0.00,Plan to Watch,,0,,LOW,,0,0,1,default,0
34126,Rewrite 2nd Season,TV,11,0,0,0000-00-00,0000-00-00,,0,,0.00,Plan to Watch,,0,,LOW,,0,0,1,default,0
19799,Robot Girls Z,Special,3,0,0,0000-00-00,0000-00-00,,0,,0.00,Plan to Watch,,0,,LOW,,0,0,1,default,0
28497,Rokka no Yuusha,TV,12,0,12,0000-00-00,0000-00-00,,6,,0.00,Completed,,0,,LOW,,0,0,1,default,0
32951,Rokudenashi Majutsu Koushi to Akashic Records,TV,12,0,0,0000-00-00,0000-00-00,,0,,0.00,Plan to Watch,,0,,LOW,,0,0,1,default,0
20709,Sabage-bu!,TV,12,0,1,2016-06-02,0000-00-00,,0,,0.00,Dropped,,0,,LOW,,0,0,1,default,0
48761,Saihate no Paladin,TV,0,0,0,0000-00-00,0000-00-00,,0,,0.00,Plan to Watch,,0,,LOW,,0,0,1,default,0
30749,Saijaku Muhai no Bahamut,TV,12,0,0,0000-00-00,0000-00-00,,0,,0.00,Plan to Watch,,0,,LOW,,0,0,1,default,0
33726,Saiyuuki Reload Blast,TV,12,0,0,0000-00-00,0000-00-00,,0,,0.00,Plan to Watch,,0,,LOW,,0,0,1,default,0
12531,Sakamichi no Apollon,TV,12,0,0,0000-00-00,0000-00-00,,0,,0.00,Plan to Watch,,0,,LOW,,0,0,1,default,0
12477,Sakasama no Patema,Movie,1,0,0,0000-00-00,0000-00-00,,0,,0.00,Plan to Watch,,0,,LOW,,0,0,1,default,0
34494,Sakura Quest,TV,25,0,1,0000-00-00,0000-00-00,,0,,0.00,Dropped,,0,,LOW,,0,0,1,default,0
13759,Sakura-sou no Pet na Kanojo,TV,24,0,24,0000-00-00,0000-00-00,,10,,0.00,Completed,,0,,LOW,,0,0,1,default,0
205,Samurai Champloo,TV,26,0,0,0000-00-00,0000-00-00,,0,,0.00,Plan to Watch,,0,,LOW,,0,0,1,default,0
11499,Sankarea,TV,12,0,12,0000-00-00,0000-00-00,,10,,0.00,Completed,,0,,LOW,,0,0,1,default,0
13055,Sankarea OVA,OVA,2,0,2,0000-00-00,0000-00-00,,8,,0.00,Completed,,0,,LOW,,0,0,1,default,0
35851,Sayonara no Asa ni Yakusoku no Hana wo Kazarou,Movie,1,0,0,0000-00-00,0000-00-00,,0,,0.00,Watching,,0,,LOW,,0,0,1,default,0
2605,Sayonara Zetsubou Sensei,TV,12,0,0,0000-00-00,0000-00-00,,0,,0.00,Plan to Watch,,0,,LOW,,0,0,1,default,0
2476,School Days,TV,12,0,12,0000-00-00,0000-00-00,,6,,0.00,Completed,,0,,LOW,,0,0,1,default,0
5940,Seiken no Blacksmith,TV,12,0,0,0000-00-00,0000-00-00,,0,,0.00,Plan to Watch,,0,,LOW,,0,0,1,default,0
6500,Seikon no Qwaser,TV,24,0,0,0000-00-00,0000-00-00,,0,,0.00,Plan to Watch,,0,,LOW,,0,0,1,default,0
22877,Seireitsukai no Blade Dance,TV,12,0,0,0000-00-00,0000-00-00,,0,,0.00,Plan to Watch,,0,,LOW,,0,0,1,default,0
47790,"Sekai Saikou no Ansatsusha, Isekai Kizoku ni Tensei suru",TV,0,0,0,0000-00-00,0000-00-00,,0,,0.00,Plan to Watch,,0,,LOW,,0,0,1,default,0
4063,Sekirei,TV,12,0,0,0000-00-00,0000-00-00,,0,,0.00,Plan to Watch,,0,,LOW,,0,0,1,default,0
5277,Sekirei: Pure Engagement,TV,13,0,0,0000-00-00,0000-00-00,,0,,0.00,Plan to Watch,,0,,LOW,,0,0,1,default,0
199,Sen to Chihiro no Kamikakushi,Movie,1,0,1,0000-00-00,0000-00-00,,7,,0.00,Completed,,0,,LOW,,0,0,1,default,0
11751,Senki Zesshou Symphogear,TV,13,0,0,0000-00-00,0000-00-00,,0,,0.00,Plan to Watch,,0,,LOW,,0,0,1,default,0
32836,Senki Zesshou Symphogear AXZ,TV,13,0,0,0000-00-00,0000-00-00,,0,,0.00,Dropped,,0,,LOW,,0,0,1,default,0
36037,Senran Kagura Shinovi Master: Tokyo Youma-hen,TV,12,0,0,0000-00-00,0000-00-00,,0,,0.00,Plan to Watch,,0,,LOW,,0,0,1,default,0
41456,"Sentouin, Hakenshimasu!",TV,12,0,2,0000-00-00,0000-00-00,,0,,0.00,Watching,,0,,LOW,,0,0,1,default,0
355,Shakugan no Shana,TV,24,0,0,0000-00-00,0000-00-00,,0,,0.00,Plan to Watch,,0,,LOW,,0,0,1,default,0
2787,Shakugan no Shana II (Second),TV,24,0,0,0000-00-00,0000-00-00,,0,,0.00,Plan to Watch,,0,,LOW,,0,0,1,default,0
154,Shaman King,TV,64,0,3,0000-00-00,0000-00-00,,0,,0.00,On-Hold,,0,,LOW,,0,0,1,default,0
42205,Shaman King (2021),TV,52,0,4,0000-00-00,0000-00-00,,0,,0.00,Watching,,0,,LOW,,0,0,1,default,0
34240,Shelter (Music),Music,1,0,1,0000-00-00,0000-00-00,,9,,0.00,Completed,,0,,LOW,,0,0,1,default,0
23273,Shigatsu wa Kimi no Uso,TV,22,0,22,0000-00-00,0000-00-00,,10,,0.00,Completed,,0,,LOW,,0,0,1,default,0
28069,Shigatsu wa Kimi no Uso: Moments,OVA,1,0,0,0000-00-00,0000-00-00,,0,,0.00,Plan to Watch,,0,,LOW,,0,0,1,default,0
7724,Shiki,TV,22,0,0,0000-00-00,0000-00-00,,0,,0.00,Plan to Watch,,0,,LOW,,0,0,1,default,0
29786,Shimoneta to Iu Gainen ga Sonzai Shinai Taikutsu na Sekai,TV,12,0,0,0000-00-00,0000-00-00,,0,,0.00,Watching,,0,,LOW,,0,0,1,default,0
38659,Shinchou Yuusha: Kono Yuusha ga Ore Tueee Kuse ni Shinchou Sugiru,TV,12,0,12,0000-00-00,0000-00-00,,8,,0.00,Completed,,0,,LOW,,0,0,1,default,0
21843,Shingeki no Bahamut: Genesis,TV,12,0,12,0000-00-00,0000-00-00,,10,,0.00,Completed,,0,,LOW,,0,0,1,default,0
30736,Shingeki no Bahamut: Virgin Soul,TV,24,0,24,0000-00-00,2019-06-21,,8,,0.00,Completed,,0,,LOW,,0,0,1,default,0
16498,Shingeki no Kyojin,TV,25,0,25,0000-00-00,0000-00-00,,9,,0.00,Completed,,0,,LOW,,0,0,1,default,0
25777,Shingeki no Kyojin Season 2,TV,12,0,8,0000-00-00,0000-00-00,,0,,0.00,Dropped,,0,,LOW,,0,0,1,default,0
25781,Shingeki no Kyojin: Kuinaki Sentaku,OVA,2,0,2,0000-00-00,2017-06-16,,0,,0.00,Completed,,0,,LOW,,0,0,1,default,0
23233,Shinmai Maou no Testament,TV,12,0,12,0000-00-00,0000-00-00,,7,,0.00,Completed,,0,,LOW,,0,0,1,default,0
30363,Shinmai Maou no Testament Burst,TV,10,0,10,2016-12-17,0000-00-00,,8,,0.00,Completed,,0,,LOW,,0,0,1,default,0
30365,Shinmai Maou no Testament Burst: Toujou Basara no Shigoku Heiwa na Nichijou,OVA,1,0,1,0000-00-00,0000-00-00,,0,,0.00,Completed,,0,,LOW,,0,0,1,default,0
36688,Shinmai Maou no Testament Departures,OVA,1,0,0,0000-00-00,0000-00-00,,0,,0.00,On-Hold,,0,,LOW,,0,0,1,default,0
30464,Shinmai Maou no Testament Specials,Special,6,0,0,0000-00-00,0000-00-00,,0,,0.00,Plan to Watch,,0,,LOW,,0,0,1,default,0
29027,Shinmai Maou no Testament: Toujou Basara no Hard Sweet na Nichijou,OVA,1,0,1,0000-00-00,0000-00-00,,9,,0.00,Completed,,0,,LOW,,0,0,1,default,0
13125,Shinsekai yori,TV,25,0,25,0000-00-00,0000-00-00,,9,,0.00,Completed,,0,,LOW,,0,0,1,default,0
23325,Shirogane no Ishi: Argevollen,TV,24,0,0,0000-00-00,0000-00-00,,0,,0.00,Plan to Watch,,0,,LOW,,0,0,1,default,0
28625,Shisha no Teikoku,Movie,1,0,1,0000-00-00,0000-00-00,,9,,0.00,Completed,,0,,LOW,,0,0,1,default,0
28171,Shokugeki no Souma,TV,24,0,24,0000-00-00,0000-00-00,,10,,0.00,Completed,,0,,LOW,,0,0,1,default,0
31327,Shokugeki no Souma OVA,OVA,2,0,2,0000-00-00,0000-00-00,,0,,0.00,Completed,,0,,LOW,,0,0,1,default,0
40902,Shokugeki no Souma: Gou no Sara,TV,13,0,13,0000-00-00,2020-10-06,,9,,0.00,Completed,,0,,LOW,,0,0,1,default,0
32282,Shokugeki no Souma: Ni no Sara,TV,13,0,13,0000-00-00,0000-00-00,,9,,0.00,Completed,,0,,LOW,,0,0,1,default,0
34480,Shokugeki no Souma: Ni no Sara OVA,OVA,2,0,2,0000-00-00,0000-00-00,,8,,0.00,Completed,,0,,LOW,,0,0,1,default,0
35788,Shokugeki no Souma: San no Sara,TV,12,0,12,0000-00-00,0000-00-00,,9,,0.00,Completed,,0,,LOW,,0,0,1,default,0
36949,Shokugeki no Souma: San no Sara - Tootsuki Ressha-hen,TV,12,0,12,0000-00-00,0000-00-00,,9,,0.00,Completed,,0,,LOW,,0,0,1,default,0
39940,Shokugeki no Souma: Shin no Sara,TV,12,0,12,0000-00-00,2020-02-22,,9,,0.00,Completed,,0,,LOW,,0,0,1,default,0
35838,Shoujo Shuumatsu Ryokou,TV,12,0,0,0000-00-00,0000-00-00,,0,,0.00,Plan to Watch,,0,,LOW,,0,0,1,default,0
33502,Shuumatsu Nani Shitemasu ka? Isogashii Desu ka? Sukutte Moratte Ii Desu ka?,TV,12,0,12,0000-00-00,0000-00-00,,9,,0.00,Completed,,0,,LOW,,0,0,1,default,0
33433,Shuumatsu no Izetta,TV,12,0,0,0000-00-00,0000-00-00,,0,,0.00,Watching,,0,,LOW,,0,0,1,default,0
33834,Sin: Nanatsu no Taizai,TV,12,0,2,0000-00-00,0000-00-00,,0,,0.00,Dropped,,0,,LOW,,0,0,1,default,0
534,Slayers,TV,26,0,0,0000-00-00,0000-00-00,,0,,0.00,Plan to Watch,,0,,LOW,,0,0,1,default,0
40586,"Slime Taoshite 300-nen, Shiranai Uchi ni Level Max ni Nattemashita",TV,12,0,7,0000-00-00,0000-00-00,,0,,0.00,Watching,,0,,LOW,,0,0,1,default,0
39569,Sora no Aosa wo Shiru Hito yo,Movie,1,0,1,0000-00-00,0000-00-00,,8,,0.00,Completed,,0,,LOW,,0,0,1,default,0
35839,Sora yori mo Tooi Basho,TV,13,0,0,0000-00-00,0000-00-00,,0,,0.00,Plan to Watch,,0,,LOW,,0,0,1,default,0
33775,Soul Buster,TV,12,0,5,0000-00-00,0000-00-00,,0,,0.00,Dropped,,0,,LOW,,0,0,1,default,0
3588,Soul Eater,TV,51,0,51,0000-00-00,0000-00-00,,8,,0.00,Completed,,0,,LOW,,0,0,1,default,0
21507,Soul Eater NOT!,TV,12,0,1,0000-00-00,0000-00-00,,0,,0.00,Dropped,,0,,LOW,,0,0,1,default,0
32105,Sousei no Onmyouji,TV,50,0,50,0000-00-00,2017-03-30,,10,,0.00,Completed,,0,,LOW,,0,0,1,default,0
9253,Steins;Gate,TV,24,0,24,0000-00-00,0000-00-00,,10,,0.00,Completed,,0,,LOW,,0,0,1,default,0
11577,Steins;Gate Movie: Fuka Ryouiki no Déjà vu,Movie,1,0,1,0000-00-00,0000-00-00,,9,,0.00,Completed,,0,,LOW,,0,0,1,default,0
2418,Stranger: Mukou Hadan,Movie,1,0,0,0000-00-00,0000-00-00,,0,,0.00,Plan to Watch,,0,,LOW,,0,0,1,default,0
18277,Strike the Blood,TV,24,0,0,0000-00-00,0000-00-00,,0,,0.00,Plan to Watch,,0,,LOW,,0,0,1,default,0
28621,Subete ga F ni Naru,TV,11,0,5,0000-00-00,0000-00-00,,0,,0.00,On-Hold,,0,,LOW,,0,0,1,default,0
16524,Suisei no Gargantia,TV,13,0,1,0000-00-00,0000-00-00,,0,,0.00,Dropped,,0,,LOW,,0,0,1,default,0
14289,Sukitte Ii na yo.,TV,13,0,0,0000-00-00,0000-00-00,,0,,0.00,Plan to Watch,,0,,LOW,,0,0,1,default,0
7311,Suzumiya Haruhi no Shoushitsu,Movie,1,0,0,0000-00-00,0000-00-00,,0,,0.00,Plan to Watch,,0,,LOW,,0,0,1,default,0
849,Suzumiya Haruhi no Yuuutsu,TV,14,0,0,0000-00-00,0000-00-00,,0,,0.00,Plan to Watch,,0,,LOW,,0,0,1,default,0
11757,Sword Art Online,TV,25,0,25,0000-00-00,0000-00-00,,10,,0.00,Completed,,0,,LOW,,0,0,1,default,0
36475,Sword Art Online Alternative: Gun Gale Online,TV,12,0,12,0000-00-00,0000-00-00,,7,,0.00,Completed,,0,,LOW,,0,0,1,default,0
21881,Sword Art Online II,TV,24,0,24,0000-00-00,0000-00-00,,9,,0.00,Completed,,0,,LOW,,0,0,1,default,0
31765,Sword Art Online Movie: Ordinal Scale,Movie,1,0,1,0000-00-00,0000-00-00,,9,,0.00,Completed,,0,,LOW,,0,0,1,default,0
36474,Sword Art Online: Alicization,TV,24,0,24,0000-00-00,2019-03-30,,8,,0.00,Completed,,0,,LOW,,0,0,1,default,0
39597,Sword Art Online: Alicization - War of Underworld,TV,12,0,12,0000-00-00,2020-01-04,,7,,0.00,Completed,,0,,LOW,,0,0,1,default,0
40540,Sword Art Online: Alicization - War of Underworld 2nd Season,TV,11,0,11,0000-00-00,2020-09-21,,7,,0.00,Completed,,0,,LOW,,0,0,1,default,0
20021,Sword Art Online: Extra Edition,Special,1,0,1,0000-00-00,0000-00-00,,8,,0.00,Completed,,0,,LOW,,0,0,1,default,0
42916,Sword Art Online: Progressive Movie - Hoshi Naki Yoru no Aria,Movie,1,0,0,0000-00-00,0000-00-00,,0,,0.00,Plan to Watch,,0,,LOW,,0,0,1,default,0
16099,Sword Art Online: Sword Art Offline,Special,9,0,9,0000-00-00,0000-00-00,,7,,0.00,Completed,,0,,LOW,,0,0,1,default,0
29758,Taboo Tattoo,TV,12,0,0,0000-00-00,0000-00-00,,0,,0.00,Plan to Watch,,0,,LOW,,0,0,1,default,0
36470,Tada-kun wa Koi wo Shinai,TV,13,0,0,0000-00-00,0000-00-00,,0,,0.00,Plan to Watch,,0,,LOW,,0,0,1,default,0
4884,Tales of the Abyss,TV,26,0,0,0000-00-00,0000-00-00,,0,,0.00,Plan to Watch,,0,,LOW,,0,0,1,default,0
30911,Tales of Zestiria the Cross,TV,12,0,12,0000-00-00,0000-00-00,,9,,0.00,Completed,,0,,LOW,,0,0,1,default,0
34086,Tales of Zestiria the Cross 2nd Season,TV,13,0,13,0000-00-00,2017-05-03,,7,,0.00,Completed,,0,,LOW,,0,0,1,default,0
33558,Tales of Zestiria the Cross: Saiyaku no Jidai,Special,1,0,1,0000-00-00,0000-00-00,,8,,0.00,Completed,,0,,LOW,,0,0,1,default,0
24459,Tales of Zestiria: Doushi no Yoake,Special,1,0,1,0000-00-00,0000-00-00,,7,,0.00,Completed,,0,,LOW,,0,0,1,default,0
12445,Tasogare Otome x Amnesia,TV,12,0,0,0000-00-00,0000-00-00,,0,,0.00,Plan to Watch,,0,,LOW,,0,0,1,default,0
35790,Tate no Yuusha no Nariagari,TV,25,0,25,0000-00-00,2019-06-27,,9,,0.00,Completed,,0,,LOW,,0,0,1,default,0
40356,Tate no Yuusha no Nariagari Season 2,TV,0,0,0,0000-00-00,0000-00-00,,0,,0.00,Plan to Watch,,0,,LOW,,0,0,1,default,0
40594,Tatoeba Last Dungeon Mae no Mura no Shounen ga Joban no Machi de Kurasu Youna Monogatari,TV,12,0,3,0000-00-00,0000-00-00,,0,,0.00,Watching,,0,,LOW,,0,0,1,default,0
2001,Tengen Toppa Gurren Lagann,TV,27,0,27,0000-00-00,0000-00-00,,10,,0.00,Completed,,0,,LOW,,0,0,1,default,0
4565,Tengen Toppa Gurren Lagann Movie 2: Lagann-hen,Movie,1,0,0,0000-00-00,0000-00-00,,0,,0.00,Plan to Watch,,0,,LOW,,0,0,1,default,0
38826,Tenki no Ko,Movie,1,0,1,0000-00-00,0000-00-00,,10,,0.00,Completed,,0,,LOW,,0,0,1,default,0
37430,Tensei shitara Slime Datta Ken,TV,24,0,24,0000-00-00,0000-00-00,,9,,0.00,Completed,,0,,LOW,,0,0,1,default,0
39551,Tensei shitara Slime Datta Ken 2nd Season,TV,12,0,12,0000-00-00,2021-04-02,,10,,0.00,Completed,,0,,LOW,,0,0,1,default,0
41487,Tensei shitara Slime Datta Ken 2nd Season Part 2,TV,12,0,11,0000-00-00,2021-09-22,,8,,0.00,Completed,,0,,LOW,,0,0,1,default,0
41353,The God of High School,TV,13,0,13,0000-00-00,2020-10-04,,9,,0.00,Completed,,0,,LOW,,0,0,1,default,0
3455,To LOVE-Ru,TV,26,0,0,0000-00-00,0000-00-00,,0,,0.00,Plan to Watch,,0,,LOW,,0,0,1,default,0
13663,To LOVE-Ru Darkness,TV,12,0,12,0000-00-00,0000-00-00,,0,,0.00,Plan to Watch,,0,,LOW,,0,0,1,default,0
6213,Toaru Kagaku no Railgun,TV,24,0,3,0000-00-00,0000-00-00,,0,,0.00,Dropped,,0,,LOW,,0,0,1,default,0
4654,Toaru Majutsu no Index,TV,24,0,0,0000-00-00,0000-00-00,,0,,0.00,Plan to Watch,,0,,LOW,,0,0,1,default,0
2236,Toki wo Kakeru Shoujo,Movie,1,0,0,0000-00-00,0000-00-00,,0,,0.00,Plan to Watch,,0,,LOW,,0,0,1,default,0
22319,Tokyo Ghoul,TV,12,0,12,0000-00-00,0000-00-00,,8,,0.00,Completed,,0,,LOW,,0,0,1,default,0
27899,Tokyo Ghoul √A,TV,12,0,12,0000-00-00,0000-00-00,,10,,0.00,Completed,,0,,LOW,,0,0,1,default,0
36511,Tokyo Ghoul:re,TV,12,0,0,0000-00-00,0000-00-00,,0,,0.00,Plan to Watch,,0,,LOW,,0,0,1,default,0
16011,Tokyo Ravens,TV,24,0,0,0000-00-00,0000-00-00,,0,,0.00,Plan to Watch,,0,,LOW,,0,0,1,default,0
14227,Tonari no Kaibutsu-kun,TV,13,0,0,0000-00-00,0000-00-00,,0,,0.00,Plan to Watch,,0,,LOW,,0,0,1,default,0
523,Tonari no Totoro,Movie,1,0,0,0000-00-00,0000-00-00,,0,,0.00,Plan to Watch,,0,,LOW,,0,0,1,default,0
4224,Toradora!,TV,25,0,0,0000-00-00,0000-00-00,,0,,0.00,Plan to Watch,,0,,LOW,,0,0,1,default,0
10033,Toriko,TV,147,0,0,0000-00-00,0000-00-00,,0,,0.00,Plan to Watch,,0,,LOW,,0,0,1,default,0
33023,Touken Ranbu: Hanamaru,TV,12,0,0,0000-00-00,0000-00-00,,0,,0.00,Plan to Watch,,0,,LOW,,0,0,1,default,0
6,Trigun,TV,26,0,0,0000-00-00,0000-00-00,,0,,0.00,Plan to Watch,,0,,LOW,,0,0,1,default,0
4106,Trigun: Badlands Rumble,Movie,1,0,0,0000-00-00,0000-00-00,,0,,0.00,Plan to Watch,,0,,LOW,,0,0,1,default,0
25157,Trinity Seven,TV,12,0,1,0000-00-00,0000-00-00,,0,,0.00,Dropped,,0,,LOW,,0,0,1,default,0
43523,Tsuki ga Michibiku Isekai Douchuu,TV,12,0,12,0000-00-00,0000-00-00,,10,,0.00,Completed,,0,,LOW,,0,0,1,default,0
49889,Tsuki ga Michibiku Isekai Douchuu 2nd Season,TV,0,0,0,0000-00-00,0000-00-00,,0,,0.00,Plan to Watch,,0,,LOW,,0,0,1,default,0
27387,Under the Dog,OVA,1,0,0,0000-00-00,0000-00-00,,0,,0.00,Plan to Watch,,0,,LOW,,0,0,1,default,0
29854,Ushio to Tora (TV),TV,26,0,26,2016-06-19,0000-00-00,,8,,0.00,Completed,,0,,LOW,,0,0,1,default,0
31098,Ushio to Tora (TV) 2nd Season,TV,13,0,13,2016-07-08,2016-07-08,,9,,0.00,Completed,,0,,LOW,,0,0,1,default,0
30901,Utawarerumono: Itsuwari no Kamen,TV,25,0,0,0000-00-00,0000-00-00,,0,,0.00,Plan to Watch,,0,,LOW,,0,0,1,default,0
37521,Vinland Saga,TV,24,0,0,0000-00-00,0000-00-00,,0,,0.00,Plan to Watch,,0,,LOW,,0,0,1,default,0
33352,Violet Evergarden,TV,13,0,13,2018-01-29,0000-00-00,,9,,0.00,Completed,,0,,LOW,,0,0,1,default,0
46095,Vivy: Fluorite Eye's Song,TV,13,0,12,0000-00-00,2021-06-21,,8,,0.00,Completed,,0,,LOW,,0,0,1,default,0
16742,Watashi ga Motenai no wa Dou Kangaetemo Omaera ga Warui!,TV,12,0,12,0000-00-00,0000-00-00,,2,,0.00,Completed,,0,,LOW,,0,0,1,default,0
18245,White Album 2,TV,13,0,0,0000-00-00,0000-00-00,,0,,0.00,Plan to Watch,,0,,LOW,,0,0,1,default,0
24405,World Trigger,TV,73,0,0,0000-00-00,0000-00-00,,0,,0.00,Watching,,0,,LOW,,0,0,1,default,0
37779,Yakusoku no Neverland,TV,12,0,4,0000-00-00,0000-00-00,,0,,0.00,On-Hold,,0,,LOW,,0,0,1,default,0
28677,Yamada-kun to 7-nin no Majo (TV),TV,12,0,12,0000-00-00,0000-00-00,,8,,0.00,Completed,,0,,LOW,,0,0,1,default,0
32615,Youjo Senki,TV,12,0,12,0000-00-00,0000-00-00,,9,,0.00,Completed,,0,,LOW,,0,0,1,default,0
49233,Youjo Senki II,TV,0,0,0,0000-00-00,0000-00-00,,0,,0.00,Plan to Watch,,0,,LOW,,0,0,1,default,0
37055,Youjo Senki Movie,Movie,1,0,0,0000-00-00,0000-00-00,,0,,0.00,Plan to Watch,,0,,LOW,,0,0,1,default,0
49236,Youjo Senki: Sabaku no Pasta Daisakusen,ONA,1,0,1,0000-00-00,0000-00-00,,10,,0.00,Completed,,0,,LOW,,0,0,1,default,0
34904,Youjo Senki: Senkyou Houkoku,Special,1,0,1,0000-00-00,0000-00-00,,6,,0.00,Completed,,0,,LOW,,0,0,1,default,0
9331,Yumekui Merry,TV,13,0,0,0000-00-00,0000-00-00,,0,,0.00,Plan to Watch,,0,,LOW,,0,0,1,default,0
32995,Yuri!!! on Ice,TV,12,0,0,0000-00-00,0000-00-00,,0,,0.00,Plan to Watch,,0,,LOW,,0,0,1,default,0
10495,Yuru Yuri,TV,12,0,0,0000-00-00,0000-00-00,,0,,0.00,Plan to Watch,,0,,LOW,,0,0,1,default,0
40911,Yuukoku no Moriarty,TV,11,0,0,0000-00-00,0000-00-00,,0,,0.00,Plan to Watch,,0,,LOW,,0,0,1,default,0
23283,Zankyou no Terror,TV,11,0,11,0000-00-00,0000-00-00,,9,,0.00,Completed,,0,,LOW,,0,0,1,default,0
34176,Zero kara Hajimeru Mahou no Sho,TV,12,0,12,0000-00-00,0000-00-00,,7,,0.00,Completed,,0,,LOW,,0,0,1,default,0
1195,Zero no Tsukaima,TV,13,0,13,0000-00-00,0000-00-00,,8,,0.00,Completed,,0,,LOW,,0,0,1,default,0
11319,Zero no Tsukaima F,TV,12,0,1,0000-00-00,0000-00-00,,0,,0.00,Dropped,,0,,LOW,,0,0,1,default,0
1840,Zero no Tsukaima: Futatsuki no Kishi,TV,12,0,12,0000-00-00,0000-00-00,,7,,0.00,Completed,,0,,LOW,,0,0,1,default,0
3712,Zero no Tsukaima: Princesses no Rondo,TV,12,0,12,0000-00-00,0000-00-00,,7,,0.00,Completed,,0,,LOW,,0,0,1,default,0
14075,Zetsuen no Tempest,TV,24,0,24,2016-08-09,2016-08-14,,9,,0.00,Completed,,0,,LOW,,0,0,1,default,0
31245,Zutto Mae kara Suki deshita.: Kokuhaku Jikkou Iinkai,Movie,1,0,0,0000-00-00,0000-00-00,,0,,0.00,Plan to Watch,,0,,LOW,,0,0,1,default,0
